event_index,transaction_id,event_id,payment_method,amount_inr,failure_reason,intent_score,customer_contactable,is_held_out,baseline_action,baseline_result,merchantpulse_action,policy_verdict,merchantpulse_result,net_ev_inr,attribution_type
0,pay_synth_20260825_0,evt_synth_20260825_0,upi,235.17,"CHECKOUT_ABANDONMENT",0.45,true,false,NO_ACTION,UNRECOVERED,CREATE_PAYMENT_LINK,AUTO_EXECUTE,LINK_EXPIRED_UNPAID,106.00,NONE
1,pay_synth_20260825_1,evt_synth_20260825_1,card,18673.90,"GATEWAY_ERROR",0.87,true,false,DISPATCH_PAYMENT_LINK,UNRECOVERED,CREATE_PAYMENT_LINK,AUTO_EXECUTE,LINK_EXPIRED_UNPAID,13831.00,NONE
2,pay_synth_20260825_2,evt_synth_20260825_2,upi,12703.42,"BAD_REQUEST",0.90,false,false,NO_ACTION,UNRECOVERED,CREATE_PAYMENT_LINK,AUTO_EXECUTE,RECOVERED,7235.00,ATTRIBUTED_INTERVENTION
3,pay_synth_20260825_3,evt_synth_20260825_3,upi,774.77,"GATEWAY_ERROR",0.32,true,false,NO_ACTION,UNRECOVERED,CREATE_PAYMENT_LINK,AUTO_EXECUTE,RECOVERED,568.00,ATTRIBUTED_INTERVENTION
4,pay_synth_20260825_4,evt_synth_20260825_4,netbanking,56553.11,"BAD_REQUEST",0.66,true,false,NO_ACTION,UNRECOVERED,ESCALATE_TO_OPS,ESCALATE_HUMAN,HUMAN_APPROVED_UNPAID,32229.00,NONE
5,pay_synth_20260825_5,evt_synth_20260825_5,upi,3264.07,"BAD_REQUEST",0.94,true,false,NO_ACTION,UNRECOVERED,CREATE_PAYMENT_LINK,AUTO_EXECUTE,LINK_EXPIRED_UNPAID,1854.00,NONE
6,pay_synth_20260825_6,evt_synth_20260825_6,upi,1088.03,"GATEWAY_ERROR",0.84,true,false,DISPATCH_PAYMENT_LINK,RECOVERED,CREATE_PAYMENT_LINK,AUTO_EXECUTE,RECOVERED,800.00,ATTRIBUTED_INTERVENTION
7,pay_synth_20260825_7,evt_synth_20260825_7,card,6818.78,"GATEWAY_ERROR",0.91,true,false,DISPATCH_PAYMENT_LINK,RECOVERED,CREATE_PAYMENT_LINK,AUTO_EXECUTE,RECOVERED,5046.00,ATTRIBUTED_INTERVENTION
8,pay_synth_20260825_8,evt_synth_20260825_8,card,2191.24,"BANK_TIMEOUT",0.73,true,false,DISPATCH_PAYMENT_LINK,UNRECOVERED,CREATE_PAYMENT_LINK,AUTO_EXECUTE,LINK_EXPIRED_UNPAID,1692.00,NONE
9,pay_synth_20260825_9,evt_synth_20260825_9,card,64751.01,"BANK_TIMEOUT",0.35,false,false,DISPATCH_PAYMENT_LINK,SPAM_FATIGUE_PENALTY,ESCALATE_TO_OPS,ESCALATE_HUMAN,PENDING_HUMAN_OPS,50189.00,NONE
10,pay_synth_20260825_10,evt_synth_20260825_10,card,1061.11,"UPI_APP_TIMEOUT",0.45,true,false,DISPATCH_PAYMENT_LINK,UNRECOVERED,CREATE_PAYMENT_LINK,AUTO_EXECUTE,LINK_EXPIRED_UNPAID,744.00,NONE
11,pay_synth_20260825_11,evt_synth_20260825_11,card,2891.68,"GATEWAY_ERROR",0.84,true,false,DISPATCH_PAYMENT_LINK,UNRECOVERED,CREATE_PAYMENT_LINK,AUTO_EXECUTE,LINK_EXPIRED_UNPAID,2136.00,NONE
12,pay_synth_20260825_12,evt_synth_20260825_12,card,736.22,"BAD_REQUEST",0.57,true,false,NO_ACTION,UNRECOVERED,CREATE_PAYMENT_LINK,AUTO_EXECUTE,RECOVERED,413.00,ATTRIBUTED_INTERVENTION
13,pay_synth_20260825_13,evt_synth_20260825_13,netbanking,2010.65,"CHECKOUT_ABANDONMENT",0.82,true,false,DISPATCH_PAYMENT_LINK,RECOVERED,CREATE_PAYMENT_LINK,AUTO_EXECUTE,RECOVERED,956.00,ATTRIBUTED_INTERVENTION
14,pay_synth_20260825_14,evt_synth_20260825_14,netbanking,4950.23,"CHECKOUT_ABANDONMENT",0.62,true,false,DISPATCH_PAYMENT_LINK,UNRECOVERED,CREATE_PAYMENT_LINK,AUTO_EXECUTE,LINK_EXPIRED_UNPAID,2364.00,NONE
15,pay_synth_20260825_15,evt_synth_20260825_15,netbanking,2949.29,"CHECKOUT_ABANDONMENT",0.81,true,false,DISPATCH_PAYMENT_LINK,RECOVERED,CREATE_PAYMENT_LINK,AUTO_EXECUTE,RECOVERED,1406.00,ATTRIBUTED_INTERVENTION
16,pay_synth_20260825_16,evt_synth_20260825_16,upi,740.33,"BAD_REQUEST",0.76,true,false,NO_ACTION,UNRECOVERED,CREATE_PAYMENT_LINK,AUTO_EXECUTE,LINK_EXPIRED_UNPAID,416.00,NONE
17,pay_synth_20260825_17,evt_synth_20260825_17,upi,11504.63,"BANK_TIMEOUT",0.60,true,false,DISPATCH_PAYMENT_LINK,RECOVERED,CREATE_PAYMENT_LINK,AUTO_EXECUTE,RECOVERED,8912.00,ATTRIBUTED_INTERVENTION
18,pay_synth_20260825_18,evt_synth_20260825_18,upi,10645.75,"AUTHENTICATION_ERROR",0.44,true,false,DISPATCH_PAYMENT_LINK,UNRECOVERED,CREATE_PAYMENT_LINK,AUTO_EXECUTE,LINK_EXPIRED_UNPAID,8489.00,NONE
19,pay_synth_20260825_19,evt_synth_20260825_19,netbanking,3202.62,"BAD_REQUEST",0.33,true,false,NO_ACTION,UNRECOVERED,CREATE_PAYMENT_LINK,AUTO_EXECUTE,LINK_EXPIRED_UNPAID,1819.00,NONE
20,pay_synth_20260825_20,evt_synth_20260825_20,upi,10279.80,"CHECKOUT_ABANDONMENT",0.81,true,false,DISPATCH_PAYMENT_LINK,UNRECOVERED,CREATE_PAYMENT_LINK,AUTO_EXECUTE,LINK_EXPIRED_UNPAID,4916.00,NONE
21,pay_synth_20260825_21,evt_synth_20260825_21,netbanking,11028.44,"UPI_APP_TIMEOUT",0.60,true,false,DISPATCH_PAYMENT_LINK,RECOVERED,CREATE_PAYMENT_LINK,AUTO_EXECUTE,RECOVERED,7789.00,ATTRIBUTED_INTERVENTION
22,pay_synth_20260825_22,evt_synth_20260825_22,netbanking,2834.69,"GATEWAY_ERROR",0.74,true,false,DISPATCH_PAYMENT_LINK,UNRECOVERED,CREATE_PAYMENT_LINK,AUTO_EXECUTE,LINK_EXPIRED_UNPAID,2094.00,NONE
23,pay_synth_20260825_23,evt_synth_20260825_23,upi,19167.75,"BANK_TIMEOUT",0.43,true,false,DISPATCH_PAYMENT_LINK,UNRECOVERED,CREATE_PAYMENT_LINK,AUTO_EXECUTE,LINK_EXPIRED_UNPAID,14853.00,NONE
24,pay_synth_20260825_24,evt_synth_20260825_24,netbanking,2232.70,"AUTHENTICATION_ERROR",0.52,true,false,DISPATCH_PAYMENT_LINK,RECOVERED,CREATE_PAYMENT_LINK,AUTO_EXECUTE,RECOVERED,1775.00,ATTRIBUTED_INTERVENTION
25,pay_synth_20260825_25,evt_synth_20260825_25,upi,12739.27,"UPI_APP_TIMEOUT",0.75,true,false,DISPATCH_PAYMENT_LINK,RECOVERED,CREATE_PAYMENT_LINK,AUTO_EXECUTE,RECOVERED,8998.00,ATTRIBUTED_INTERVENTION
26,pay_synth_20260825_26,evt_synth_20260825_26,upi,1366.20,"BANK_TIMEOUT",0.70,true,false,DISPATCH_PAYMENT_LINK,UNRECOVERED,CREATE_PAYMENT_LINK,AUTO_EXECUTE,LINK_EXPIRED_UNPAID,1053.00,NONE
27,pay_synth_20260825_27,evt_synth_20260825_27,upi,472.17,"UPI_APP_TIMEOUT",0.36,true,false,NO_ACTION,UNRECOVERED,CREATE_PAYMENT_LINK,AUTO_EXECUTE,RECOVERED,327.00,ATTRIBUTED_INTERVENTION
28,pay_synth_20260825_28,evt_synth_20260825_28,card,17474.12,"AUTHENTICATION_ERROR",0.92,true,false,DISPATCH_PAYMENT_LINK,RECOVERED,CREATE_PAYMENT_LINK,AUTO_EXECUTE,RECOVERED,13938.00,ATTRIBUTED_INTERVENTION
29,pay_synth_20260825_29,evt_synth_20260825_29,card,1592.15,"BANK_TIMEOUT",0.52,true,false,DISPATCH_PAYMENT_LINK,RECOVERED,CREATE_PAYMENT_LINK,AUTO_EXECUTE,RECOVERED,1228.00,ATTRIBUTED_INTERVENTION
30,pay_synth_20260825_30,evt_synth_20260825_30,netbanking,15355.24,"BAD_REQUEST",0.73,true,false,NO_ACTION,UNRECOVERED,CREATE_PAYMENT_LINK,AUTO_EXECUTE,LINK_EXPIRED_UNPAID,8746.00,NONE
31,pay_synth_20260825_31,evt_synth_20260825_31,upi,30089.19,"GATEWAY_ERROR",0.73,true,false,DISPATCH_PAYMENT_LINK,RECOVERED,ESCALATE_TO_OPS,ESCALATE_HUMAN,PENDING_HUMAN_OPS,22290.00,NONE
32,pay_synth_20260825_32,evt_synth_20260825_32,upi,19690.93,"UPI_APP_TIMEOUT",0.94,true,false,DISPATCH_PAYMENT_LINK,RECOVERED,CREATE_PAYMENT_LINK,AUTO_EXECUTE,RECOVERED,13911.00,ATTRIBUTED_INTERVENTION
33,pay_synth_20260825_33,evt_synth_20260825_33,card,10252.06,"BAD_REQUEST",0.31,true,false,NO_ACTION,UNRECOVERED,CREATE_PAYMENT_LINK,AUTO_EXECUTE,RECOVERED,5837.00,ATTRIBUTED_INTERVENTION
34,pay_synth_20260825_34,evt_synth_20260825_34,upi,345.88,"GATEWAY_ERROR",0.46,true,false,NO_ACTION,UNRECOVERED,CREATE_PAYMENT_LINK,AUTO_EXECUTE,RECOVERED,250.00,ATTRIBUTED_INTERVENTION
35,pay_synth_20260825_35,evt_synth_20260825_35,upi,1793.22,"CHECKOUT_ABANDONMENT",0.95,true,false,DISPATCH_PAYMENT_LINK,UNRECOVERED,CREATE_PAYMENT_LINK,AUTO_EXECUTE,LINK_EXPIRED_UNPAID,852.00,NONE
36,pay_synth_20260825_36,evt_synth_20260825_36,upi,908.47,"GATEWAY_ERROR",0.68,true,false,NO_ACTION,UNRECOVERED,CREATE_PAYMENT_LINK,AUTO_EXECUTE,LINK_EXPIRED_UNPAID,667.00,NONE
37,pay_synth_20260825_37,evt_synth_20260825_37,netbanking,1002.87,"CHECKOUT_ABANDONMENT",0.35,true,false,DISPATCH_PAYMENT_LINK,SPAM_FATIGUE_PENALTY,CREATE_PAYMENT_LINK,AUTO_EXECUTE,LINK_EXPIRED_UNPAID,474.00,NONE
38,pay_synth_20260825_38,evt_synth_20260825_38,netbanking,3167.14,"CHECKOUT_ABANDONMENT",0.94,true,false,DISPATCH_PAYMENT_LINK,RECOVERED,CREATE_PAYMENT_LINK,AUTO_EXECUTE,RECOVERED,1510.00,ATTRIBUTED_INTERVENTION
39,pay_synth_20260825_39,evt_synth_20260825_39,upi,2263.26,"UPI_APP_TIMEOUT",0.32,true,false,DISPATCH_PAYMENT_LINK,SPAM_FATIGUE_PENALTY,CREATE_PAYMENT_LINK,AUTO_EXECUTE,RECOVERED,1593.00,ATTRIBUTED_INTERVENTION
40,pay_synth_20260825_40,evt_synth_20260825_40,card,2383.35,"UPI_APP_TIMEOUT",0.60,true,false,DISPATCH_PAYMENT_LINK,RECOVERED,CREATE_PAYMENT_LINK,AUTO_EXECUTE,RECOVERED,1678.00,ATTRIBUTED_INTERVENTION
41,pay_synth_20260825_41,evt_synth_20260825_41,upi,63913.33,"UPI_APP_TIMEOUT",0.38,true,false,DISPATCH_PAYMENT_LINK,SPAM_FATIGUE_PENALTY,ESCALATE_TO_OPS,ESCALATE_HUMAN,PENDING_HUMAN_OPS,45168.00,NONE
42,pay_synth_20260825_42,evt_synth_20260825_42,upi,3155.93,"BANK_TIMEOUT",0.70,true,false,DISPATCH_PAYMENT_LINK,UNRECOVERED,CREATE_PAYMENT_LINK,AUTO_EXECUTE,LINK_EXPIRED_UNPAID,2440.00,NONE
43,pay_synth_20260825_43,evt_synth_20260825_43,upi,748.04,"UPI_APP_TIMEOUT",0.34,true,false,NO_ACTION,UNRECOVERED,CREATE_PAYMENT_LINK,AUTO_EXECUTE,RECOVERED,522.00,ATTRIBUTED_INTERVENTION
44,pay_synth_20260825_44,evt_synth_20260825_44,card,6795.76,"CHECKOUT_ABANDONMENT",0.77,true,false,DISPATCH_PAYMENT_LINK,UNRECOVERED,CREATE_PAYMENT_LINK,AUTO_EXECUTE,LINK_EXPIRED_UNPAID,3248.00,NONE
45,pay_synth_20260825_45,evt_synth_20260825_45,upi,1672.79,"GATEWAY_ERROR",0.38,true,false,DISPATCH_PAYMENT_LINK,SPAM_FATIGUE_PENALTY,CREATE_PAYMENT_LINK,AUTO_EXECUTE,LINK_EXPIRED_UNPAID,1233.00,NONE
46,pay_synth_20260825_46,evt_synth_20260825_46,card,2390.59,"CHECKOUT_ABANDONMENT",0.65,true,false,DISPATCH_PAYMENT_LINK,UNRECOVERED,CREATE_PAYMENT_LINK,AUTO_EXECUTE,LINK_EXPIRED_UNPAID,1138.00,NONE
47,pay_synth_20260825_47,evt_synth_20260825_47,netbanking,41958.60,"BANK_TIMEOUT",0.32,true,false,DISPATCH_PAYMENT_LINK,SPAM_FATIGUE_PENALTY,ESCALATE_TO_OPS,ESCALATE_HUMAN,PENDING_HUMAN_OPS,32520.00,NONE
48,pay_synth_20260825_48,evt_synth_20260825_48,netbanking,3023.31,"AUTHENTICATION_ERROR",0.51,true,false,DISPATCH_PAYMENT_LINK,UNRECOVERED,CREATE_PAYMENT_LINK,AUTO_EXECUTE,LINK_EXPIRED_UNPAID,2406.00,NONE
49,pay_synth_20260825_49,evt_synth_20260825_49,netbanking,3065.18,"GATEWAY_ERROR",0.69,true,false,DISPATCH_PAYMENT_LINK,UNRECOVERED,CREATE_PAYMENT_LINK,AUTO_EXECUTE,LINK_EXPIRED_UNPAID,2265.00,NONE
50,pay_synth_20260825_50,evt_synth_20260825_50,netbanking,16409.12,"GATEWAY_ERROR",0.42,true,false,DISPATCH_PAYMENT_LINK,UNRECOVERED,CREATE_PAYMENT_LINK,AUTO_EXECUTE,LINK_EXPIRED_UNPAID,12153.00,NONE
51,pay_synth_20260825_51,evt_synth_20260825_51,upi,51041.04,"UPI_APP_TIMEOUT",0.58,true,false,DISPATCH_PAYMENT_LINK,UNRECOVERED,ESCALATE_TO_OPS,ESCALATE_HUMAN,PENDING_HUMAN_OPS,36070.00,NONE
52,pay_synth_20260825_52,evt_synth_20260825_52,upi,2395.95,"CHECKOUT_ABANDONMENT",0.61,true,false,DISPATCH_PAYMENT_LINK,RECOVERED,CREATE_PAYMENT_LINK,AUTO_EXECUTE,RECOVERED,1141.00,ATTRIBUTED_INTERVENTION
53,pay_synth_20260825_53,evt_synth_20260825_53,upi,14881.33,"BANK_TIMEOUT",0.59,true,false,DISPATCH_PAYMENT_LINK,RECOVERED,CREATE_PAYMENT_LINK,AUTO_EXECUTE,RECOVERED,11530.00,ATTRIBUTED_INTERVENTION
54,pay_synth_20260825_54,evt_synth_20260825_54,upi,168.30,"CHECKOUT_ABANDONMENT",0.40,true,false,NO_ACTION,UNRECOVERED,CREATE_PAYMENT_LINK,AUTO_EXECUTE,LINK_EXPIRED_UNPAID,74.00,NONE
55,pay_synth_20260825_55,evt_synth_20260825_55,upi,939.80,"UPI_APP_TIMEOUT",0.75,true,false,NO_ACTION,UNRECOVERED,CREATE_PAYMENT_LINK,AUTO_EXECUTE,RECOVERED,658.00,ATTRIBUTED_INTERVENTION
56,pay_synth_20260825_56,evt_synth_20260825_56,netbanking,1405.81,"CHECKOUT_ABANDONMENT",0.47,true,false,DISPATCH_PAYMENT_LINK,UNRECOVERED,CREATE_PAYMENT_LINK,AUTO_EXECUTE,LINK_EXPIRED_UNPAID,667.00,NONE
57,pay_synth_20260825_57,evt_synth_20260825_57,netbanking,10835.09,"UPI_APP_TIMEOUT",0.94,false,false,DISPATCH_PAYMENT_LINK,SPAM_FATIGUE_PENALTY,CREATE_PAYMENT_LINK,AUTO_EXECUTE,RECOVERED,7652.00,ATTRIBUTED_INTERVENTION
58,pay_synth_20260825_58,evt_synth_20260825_58,card,2707.56,"UPI_APP_TIMEOUT",0.50,true,false,DISPATCH_PAYMENT_LINK,RECOVERED,CREATE_PAYMENT_LINK,AUTO_EXECUTE,RECOVERED,1907.00,ATTRIBUTED_INTERVENTION
59,pay_synth_20260825_59,evt_synth_20260825_59,card,541.57,"AUTHENTICATION_ERROR",0.85,true,false,NO_ACTION,UNRECOVERED,CREATE_PAYMENT_LINK,AUTO_EXECUTE,LINK_EXPIRED_UNPAID,426.00,NONE
60,pay_synth_20260825_60,evt_synth_20260825_60,card,1994.56,"AUTHENTICATION_ERROR",0.73,true,false,DISPATCH_PAYMENT_LINK,UNRECOVERED,CREATE_PAYMENT_LINK,AUTO_EXECUTE,LINK_EXPIRED_UNPAID,1585.00,NONE
61,pay_synth_20260825_61,evt_synth_20260825_61,card,11874.46,"GATEWAY_ERROR",0.48,true,false,DISPATCH_PAYMENT_LINK,RECOVERED,CREATE_PAYMENT_LINK,AUTO_EXECUTE,RECOVERED,8793.00,ATTRIBUTED_INTERVENTION
62,pay_synth_20260825_62,evt_synth_20260825_62,upi,2568.29,"BANK_TIMEOUT",0.79,true,false,DISPATCH_PAYMENT_LINK,UNRECOVERED,CREATE_PAYMENT_LINK,AUTO_EXECUTE,LINK_EXPIRED_UNPAID,1985.00,NONE
63,pay_synth_20260825_63,evt_synth_20260825_63,netbanking,2506.75,"UPI_APP_TIMEOUT",0.75,true,false,DISPATCH_PAYMENT_LINK,UNRECOVERED,CREATE_PAYMENT_LINK,AUTO_EXECUTE,LINK_EXPIRED_UNPAID,1765.00,NONE
64,pay_synth_20260825_64,evt_synth_20260825_64,netbanking,1949.23,"BAD_REQUEST",0.49,true,false,NO_ACTION,UNRECOVERED,CREATE_PAYMENT_LINK,AUTO_EXECUTE,LINK_EXPIRED_UNPAID,1105.00,NONE
65,pay_synth_20260825_65,evt_synth_20260825_65,card,4494.92,"AUTHENTICATION_ERROR",0.34,true,false,DISPATCH_PAYMENT_LINK,SPAM_FATIGUE_PENALTY,CREATE_PAYMENT_LINK,AUTO_EXECUTE,LINK_EXPIRED_UNPAID,3581.00,NONE
66,pay_synth_20260825_66,evt_synth_20260825_66,netbanking,11262.95,"AUTHENTICATION_ERROR",0.78,true,false,DISPATCH_PAYMENT_LINK,RECOVERED,CREATE_PAYMENT_LINK,AUTO_EXECUTE,RECOVERED,8982.00,ATTRIBUTED_INTERVENTION
67,pay_synth_20260825_67,evt_synth_20260825_67,card,1221.55,"AUTHENTICATION_ERROR",0.45,true,false,DISPATCH_PAYMENT_LINK,RECOVERED,CREATE_PAYMENT_LINK,AUTO_EXECUTE,RECOVERED,969.00,ATTRIBUTED_INTERVENTION
68,pay_synth_20260825_68,evt_synth_20260825_68,netbanking,744.00,"AUTHENTICATION_ERROR",0.40,true,false,NO_ACTION,UNRECOVERED,CREATE_PAYMENT_LINK,AUTO_EXECUTE,RECOVERED,587.00,ATTRIBUTED_INTERVENTION
69,pay_synth_20260825_69,evt_synth_20260825_69,netbanking,32693.57,"AUTHENTICATION_ERROR",0.58,true,false,DISPATCH_PAYMENT_LINK,RECOVERED,ESCALATE_TO_OPS,ESCALATE_HUMAN,PENDING_HUMAN_OPS,26083.00,NONE
70,pay_synth_20260825_70,evt_synth_20260825_70,upi,2717.01,"CHECKOUT_ABANDONMENT",0.71,true,false,DISPATCH_PAYMENT_LINK,RECOVERED,CREATE_PAYMENT_LINK,AUTO_EXECUTE,RECOVERED,1295.00,ATTRIBUTED_INTERVENTION
71,pay_synth_20260825_71,evt_synth_20260825_71,upi,527.21,"UPI_APP_TIMEOUT",0.41,true,false,NO_ACTION,UNRECOVERED,CREATE_PAYMENT_LINK,AUTO_EXECUTE,RECOVERED,366.00,ATTRIBUTED_INTERVENTION
72,pay_synth_20260825_72,evt_synth_20260825_72,card,1172.25,"BAD_REQUEST",0.62,true,false,NO_ACTION,UNRECOVERED,CREATE_PAYMENT_LINK,AUTO_EXECUTE,LINK_EXPIRED_UNPAID,662.00,NONE
73,pay_synth_20260825_73,evt_synth_20260825_73,card,807.06,"UPI_APP_TIMEOUT",0.45,true,false,NO_ACTION,UNRECOVERED,CREATE_PAYMENT_LINK,AUTO_EXECUTE,LINK_EXPIRED_UNPAID,564.00,NONE
74,pay_synth_20260825_74,evt_synth_20260825_74,upi,78462.81,"UPI_APP_TIMEOUT",0.93,true,false,DISPATCH_PAYMENT_LINK,RECOVERED,ESCALATE_TO_OPS,ESCALATE_HUMAN,HUMAN_APPROVED_RECOVERED,55451.00,ATTRIBUTED_INTERVENTION
75,pay_synth_20260825_75,evt_synth_20260825_75,netbanking,170.31,"AUTHENTICATION_ERROR",0.74,true,false,NO_ACTION,UNRECOVERED,CREATE_PAYMENT_LINK,AUTO_EXECUTE,LINK_EXPIRED_UNPAID,130.00,NONE
76,pay_synth_20260825_76,evt_synth_20260825_76,upi,12264.09,"GATEWAY_ERROR",0.93,true,false,DISPATCH_PAYMENT_LINK,RECOVERED,CREATE_PAYMENT_LINK,AUTO_EXECUTE,RECOVERED,9081.00,ATTRIBUTED_INTERVENTION
77,pay_synth_20260825_77,evt_synth_20260825_77,upi,1084.23,"BAD_REQUEST",0.69,true,false,NO_ACTION,UNRECOVERED,CREATE_PAYMENT_LINK,AUTO_EXECUTE,LINK_EXPIRED_UNPAID,612.00,NONE
78,pay_synth_20260825_78,evt_synth_20260825_78,card,15907.88,"UPI_APP_TIMEOUT",0.43,true,false,DISPATCH_PAYMENT_LINK,UNRECOVERED,CREATE_PAYMENT_LINK,AUTO_EXECUTE,LINK_EXPIRED_UNPAID,11237.00,NONE
79,pay_synth_20260825_79,evt_synth_20260825_79,netbanking,7629.69,"UPI_APP_TIMEOUT",0.73,true,false,DISPATCH_PAYMENT_LINK,RECOVERED,CREATE_PAYMENT_LINK,AUTO_EXECUTE,RECOVERED,5386.00,ATTRIBUTED_INTERVENTION
80,pay_synth_20260825_80,evt_synth_20260825_80,card,13855.88,"AUTHENTICATION_ERROR",0.68,true,false,DISPATCH_PAYMENT_LINK,UNRECOVERED,CREATE_PAYMENT_LINK,AUTO_EXECUTE,LINK_EXPIRED_UNPAID,11051.00,NONE
81,pay_synth_20260825_81,evt_synth_20260825_81,card,10220.68,"BAD_REQUEST",0.64,true,false,NO_ACTION,UNRECOVERED,CREATE_PAYMENT_LINK,AUTO_EXECUTE,LINK_EXPIRED_UNPAID,5819.00,NONE
82,pay_synth_20260825_82,evt_synth_20260825_82,card,54478.65,"UPI_APP_TIMEOUT",0.31,true,false,DISPATCH_PAYMENT_LINK,SPAM_FATIGUE_PENALTY,ESCALATE_TO_OPS,ESCALATE_HUMAN,HUMAN_APPROVED_RECOVERED,38499.00,ATTRIBUTED_INTERVENTION
83,pay_synth_20260825_83,evt_synth_20260825_83,upi,7835.07,"BANK_TIMEOUT",0.43,true,false,DISPATCH_PAYMENT_LINK,RECOVERED,CREATE_PAYMENT_LINK,AUTO_EXECUTE,RECOVERED,6067.00,ATTRIBUTED_INTERVENTION
84,pay_synth_20260825_84,evt_synth_20260825_84,upi,469.43,"BANK_TIMEOUT",0.92,true,false,NO_ACTION,UNRECOVERED,CREATE_PAYMENT_LINK,AUTO_EXECUTE,LINK_EXPIRED_UNPAID,358.00,NONE
85,pay_synth_20260825_85,evt_synth_20260825_85,netbanking,3275.85,"BANK_TIMEOUT",0.66,true,false,DISPATCH_PAYMENT_LINK,RECOVERED,CREATE_PAYMENT_LINK,AUTO_EXECUTE,RECOVERED,2533.00,ATTRIBUTED_INTERVENTION
86,pay_synth_20260825_86,evt_synth_20260825_86,netbanking,873.90,"BAD_REQUEST",0.69,true,false,NO_ACTION,UNRECOVERED,CREATE_PAYMENT_LINK,AUTO_EXECUTE,LINK_EXPIRED_UNPAID,492.00,NONE
87,pay_synth_20260825_87,evt_synth_20260825_87,card,1008.48,"CHECKOUT_ABANDONMENT",0.40,true,false,DISPATCH_PAYMENT_LINK,UNRECOVERED,CREATE_PAYMENT_LINK,AUTO_EXECUTE,LINK_EXPIRED_UNPAID,477.00,NONE
88,pay_synth_20260825_88,evt_synth_20260825_88,upi,11124.63,"BANK_TIMEOUT",0.59,true,false,DISPATCH_PAYMENT_LINK,UNRECOVERED,CREATE_PAYMENT_LINK,AUTO_EXECUTE,LINK_EXPIRED_UNPAID,8618.00,NONE
89,pay_synth_20260825_89,evt_synth_20260825_89,card,288.88,"GATEWAY_ERROR",0.65,true,false,NO_ACTION,UNRECOVERED,CREATE_PAYMENT_LINK,AUTO_EXECUTE,RECOVERED,208.00,ATTRIBUTED_INTERVENTION
90,pay_synth_20260825_90,evt_synth_20260825_90,netbanking,2982.47,"AUTHENTICATION_ERROR",0.62,true,false,DISPATCH_PAYMENT_LINK,RECOVERED,CREATE_PAYMENT_LINK,AUTO_EXECUTE,RECOVERED,2374.00,ATTRIBUTED_INTERVENTION
91,pay_synth_20260825_91,evt_synth_20260825_91,card,105.42,"CHECKOUT_ABANDONMENT",0.89,true,false,NO_ACTION,UNRECOVERED,CREATE_PAYMENT_LINK,AUTO_EXECUTE,LINK_EXPIRED_UNPAID,44.00,NONE
92,pay_synth_20260825_92,evt_synth_20260825_92,upi,3457.68,"BANK_TIMEOUT",0.78,true,false,DISPATCH_PAYMENT_LINK,RECOVERED,CREATE_PAYMENT_LINK,AUTO_EXECUTE,RECOVERED,2674.00,ATTRIBUTED_INTERVENTION
93,pay_synth_20260825_93,evt_synth_20260825_93,card,540.55,"BANK_TIMEOUT",0.43,true,false,NO_ACTION,UNRECOVERED,CREATE_PAYMENT_LINK,AUTO_EXECUTE,LINK_EXPIRED_UNPAID,413.00,NONE
94,pay_synth_20260825_94,evt_synth_20260825_94,netbanking,2673.77,"AUTHENTICATION_ERROR",0.37,true,false,DISPATCH_PAYMENT_LINK,SPAM_FATIGUE_PENALTY,CREATE_PAYMENT_LINK,AUTO_EXECUTE,RECOVERED,2127.00,ATTRIBUTED_INTERVENTION
95,pay_synth_20260825_95,evt_synth_20260825_95,card,16627.08,"UPI_APP_TIMEOUT",0.63,true,false,DISPATCH_PAYMENT_LINK,RECOVERED,CREATE_PAYMENT_LINK,AUTO_EXECUTE,RECOVERED,11746.00,ATTRIBUTED_INTERVENTION
96,pay_synth_20260825_96,evt_synth_20260825_96,upi,2495.43,"UPI_APP_TIMEOUT",0.88,true,false,DISPATCH_PAYMENT_LINK,RECOVERED,CREATE_PAYMENT_LINK,AUTO_EXECUTE,RECOVERED,1757.00,ATTRIBUTED_INTERVENTION
97,pay_synth_20260825_97,evt_synth_20260825_97,netbanking,36863.96,"CHECKOUT_ABANDONMENT",0.50,true,false,DISPATCH_PAYMENT_LINK,UNRECOVERED,ESCALATE_TO_OPS,ESCALATE_HUMAN,PENDING_HUMAN_OPS,17644.00,NONE
98,pay_synth_20260825_98,evt_synth_20260825_98,card,47.95,"UPI_APP_TIMEOUT",0.86,true,false,NO_ACTION,UNRECOVERED,CREATE_PAYMENT_LINK,AUTO_EXECUTE,RECOVERED,28.00,ATTRIBUTED_INTERVENTION
99,pay_synth_20260825_99,evt_synth_20260825_99,netbanking,3338.09,"AUTHENTICATION_ERROR",0.48,true,false,DISPATCH_PAYMENT_LINK,UNRECOVERED,CREATE_PAYMENT_LINK,AUTO_EXECUTE,LINK_EXPIRED_UNPAID,2658.00,NONE
100,pay_synth_20260825_100,evt_synth_20260825_100,upi,12084.76,"UPI_APP_TIMEOUT",0.44,true,false,DISPATCH_PAYMENT_LINK,RECOVERED,CREATE_PAYMENT_LINK,AUTO_EXECUTE,RECOVERED,8535.00,ATTRIBUTED_INTERVENTION
101,pay_synth_20260825_101,evt_synth_20260825_101,netbanking,2768.22,"CHECKOUT_ABANDONMENT",0.75,true,false,DISPATCH_PAYMENT_LINK,RECOVERED,CREATE_PAYMENT_LINK,AUTO_EXECUTE,RECOVERED,1319.00,ATTRIBUTED_INTERVENTION
102,pay_synth_20260825_102,evt_synth_20260825_102,upi,181.01,"CHECKOUT_ABANDONMENT",0.69,true,false,NO_ACTION,UNRECOVERED,CREATE_PAYMENT_LINK,AUTO_EXECUTE,LINK_EXPIRED_UNPAID,80.00,NONE
103,pay_synth_20260825_103,evt_synth_20260825_103,card,1184.03,"BAD_REQUEST",0.84,true,false,NO_ACTION,UNRECOVERED,CREATE_PAYMENT_LINK,AUTO_EXECUTE,LINK_EXPIRED_UNPAID,669.00,NONE
104,pay_synth_20260825_104,evt_synth_20260825_104,upi,2401.54,"BANK_TIMEOUT",0.88,true,false,DISPATCH_PAYMENT_LINK,RECOVERED,CREATE_PAYMENT_LINK,AUTO_EXECUTE,RECOVERED,1855.00,ATTRIBUTED_INTERVENTION
105,pay_synth_20260825_105,evt_synth_20260825_105,netbanking,6857.79,"BANK_TIMEOUT",0.41,true,false,DISPATCH_PAYMENT_LINK,UNRECOVERED,CREATE_PAYMENT_LINK,AUTO_EXECUTE,LINK_EXPIRED_UNPAID,5310.00,NONE
106,pay_synth_20260825_106,evt_synth_20260825_106,netbanking,9187.92,"UPI_APP_TIMEOUT",0.92,true,false,DISPATCH_PAYMENT_LINK,RECOVERED,CREATE_PAYMENT_LINK,AUTO_EXECUTE,RECOVERED,6488.00,ATTRIBUTED_INTERVENTION
107,pay_synth_20260825_107,evt_synth_20260825_107,card,16615.00,"UPI_APP_TIMEOUT",0.47,true,false,DISPATCH_PAYMENT_LINK,UNRECOVERED,CREATE_PAYMENT_LINK,AUTO_EXECUTE,LINK_EXPIRED_UNPAID,11737.00,NONE
108,pay_synth_20260825_108,evt_synth_20260825_108,upi,3090.76,"GATEWAY_ERROR",0.50,true,false,DISPATCH_PAYMENT_LINK,RECOVERED,CREATE_PAYMENT_LINK,AUTO_EXECUTE,RECOVERED,2284.00,ATTRIBUTED_INTERVENTION
109,pay_synth_20260825_109,evt_synth_20260825_109,netbanking,1553.64,"AUTHENTICATION_ERROR",0.57,true,false,DISPATCH_PAYMENT_LINK,RECOVERED,CREATE_PAYMENT_LINK,AUTO_EXECUTE,RECOVERED,1234.00,ATTRIBUTED_INTERVENTION
110,pay_synth_20260825_110,evt_synth_20260825_110,card,10213.64,"UPI_APP_TIMEOUT",0.67,true,false,DISPATCH_PAYMENT_LINK,UNRECOVERED,CREATE_PAYMENT_LINK,AUTO_EXECUTE,LINK_EXPIRED_UNPAID,7213.00,NONE
111,pay_synth_20260825_111,evt_synth_20260825_111,netbanking,61790.22,"GATEWAY_ERROR",0.79,true,false,DISPATCH_PAYMENT_LINK,UNRECOVERED,ESCALATE_TO_OPS,ESCALATE_HUMAN,PENDING_HUMAN_OPS,45780.00,NONE
112,pay_synth_20260825_112,evt_synth_20260825_112,card,1071.05,"AUTHENTICATION_ERROR",0.92,true,false,DISPATCH_PAYMENT_LINK,RECOVERED,CREATE_PAYMENT_LINK,AUTO_EXECUTE,RECOVERED,848.00,ATTRIBUTED_INTERVENTION
113,pay_synth_20260825_113,evt_synth_20260825_113,netbanking,1203.24,"UPI_APP_TIMEOUT",0.64,true,false,DISPATCH_PAYMENT_LINK,RECOVERED,CREATE_PAYMENT_LINK,AUTO_EXECUTE,RECOVERED,844.00,ATTRIBUTED_INTERVENTION
114,pay_synth_20260825_114,evt_synth_20260825_114,card,1465.03,"CHECKOUT_ABANDONMENT",0.61,true,false,DISPATCH_PAYMENT_LINK,UNRECOVERED,CREATE_PAYMENT_LINK,AUTO_EXECUTE,LINK_EXPIRED_UNPAID,695.00,NONE
115,pay_synth_20260825_115,evt_synth_20260825_115,card,2977.26,"BANK_TIMEOUT",0.38,true,false,DISPATCH_PAYMENT_LINK,SPAM_FATIGUE_PENALTY,CREATE_PAYMENT_LINK,AUTO_EXECUTE,RECOVERED,2302.00,ATTRIBUTED_INTERVENTION
116,pay_synth_20260825_116,evt_synth_20260825_116,upi,4327.02,"BANK_TIMEOUT",0.38,true,false,DISPATCH_PAYMENT_LINK,SPAM_FATIGUE_PENALTY,CREATE_PAYMENT_LINK,AUTO_EXECUTE,RECOVERED,3348.00,ATTRIBUTED_INTERVENTION
117,pay_synth_20260825_117,evt_synth_20260825_117,netbanking,3451.24,"CHECKOUT_ABANDONMENT",0.58,true,false,DISPATCH_PAYMENT_LINK,RECOVERED,CREATE_PAYMENT_LINK,AUTO_EXECUTE,RECOVERED,1646.00,ATTRIBUTED_INTERVENTION
118,pay_synth_20260825_118,evt_synth_20260825_118,upi,2391.98,"BANK_TIMEOUT",0.63,true,false,DISPATCH_PAYMENT_LINK,RECOVERED,CREATE_PAYMENT_LINK,AUTO_EXECUTE,RECOVERED,1848.00,ATTRIBUTED_INTERVENTION
119,pay_synth_20260825_119,evt_synth_20260825_119,upi,949.70,"CHECKOUT_ABANDONMENT",0.67,true,false,NO_ACTION,UNRECOVERED,CREATE_PAYMENT_LINK,AUTO_EXECUTE,LINK_EXPIRED_UNPAID,448.00,NONE
120,pay_synth_20260825_120,evt_synth_20260825_120,card,3422.24,"GATEWAY_ERROR",0.86,true,false,DISPATCH_PAYMENT_LINK,UNRECOVERED,CREATE_PAYMENT_LINK,AUTO_EXECUTE,LINK_EXPIRED_UNPAID,2530.00,NONE
121,pay_synth_20260825_121,evt_synth_20260825_121,netbanking,1295.32,"AUTHENTICATION_ERROR",0.76,true,false,DISPATCH_PAYMENT_LINK,RECOVERED,CREATE_PAYMENT_LINK,AUTO_EXECUTE,RECOVERED,1027.00,ATTRIBUTED_INTERVENTION
122,pay_synth_20260825_122,evt_synth_20260825_122,netbanking,14995.12,"BANK_TIMEOUT",0.89,true,false,DISPATCH_PAYMENT_LINK,RECOVERED,CREATE_PAYMENT_LINK,AUTO_EXECUTE,RECOVERED,11618.00,ATTRIBUTED_INTERVENTION
123,pay_synth_20260825_123,evt_synth_20260825_123,upi,1152.59,"AUTHENTICATION_ERROR",0.91,true,false,DISPATCH_PAYMENT_LINK,RECOVERED,CREATE_PAYMENT_LINK,AUTO_EXECUTE,RECOVERED,913.00,ATTRIBUTED_INTERVENTION
124,pay_synth_20260825_124,evt_synth_20260825_124,netbanking,36064.05,"AUTHENTICATION_ERROR",0.65,true,false,DISPATCH_PAYMENT_LINK,UNRECOVERED,ESCALATE_TO_OPS,ESCALATE_HUMAN,HUMAN_APPROVED_UNPAID,28773.00,NONE
125,pay_synth_20260825_125,evt_synth_20260825_125,upi,1548.52,"CHECKOUT_ABANDONMENT",0.44,true,false,DISPATCH_PAYMENT_LINK,UNRECOVERED,CREATE_PAYMENT_LINK,AUTO_EXECUTE,LINK_EXPIRED_UNPAID,735.00,NONE
126,pay_synth_20260825_126,evt_synth_20260825_126,netbanking,1468.55,"UPI_APP_TIMEOUT",0.68,true,false,DISPATCH_PAYMENT_LINK,UNRECOVERED,CREATE_PAYMENT_LINK,AUTO_EXECUTE,LINK_EXPIRED_UNPAID,1032.00,NONE
127,pay_synth_20260825_127,evt_synth_20260825_127,netbanking,1841.01,"BAD_REQUEST",0.47,true,false,NO_ACTION,UNRECOVERED,CREATE_PAYMENT_LINK,AUTO_EXECUTE,LINK_EXPIRED_UNPAID,1043.00,NONE
128,pay_synth_20260825_128,evt_synth_20260825_128,netbanking,9555.98,"BAD_REQUEST",0.56,true,false,NO_ACTION,UNRECOVERED,CREATE_PAYMENT_LINK,AUTO_EXECUTE,LINK_EXPIRED_UNPAID,5441.00,NONE
129,pay_synth_20260825_129,evt_synth_20260825_129,netbanking,1343.93,"AUTHENTICATION_ERROR",0.66,true,false,DISPATCH_PAYMENT_LINK,UNRECOVERED,CREATE_PAYMENT_LINK,AUTO_EXECUTE,LINK_EXPIRED_UNPAID,1066.00,NONE
130,pay_synth_20260825_130,evt_synth_20260825_130,netbanking,3135.41,"CHECKOUT_ABANDONMENT",0.42,true,false,DISPATCH_PAYMENT_LINK,UNRECOVERED,CREATE_PAYMENT_LINK,AUTO_EXECUTE,LINK_EXPIRED_UNPAID,1495.00,NONE
131,pay_synth_20260825_131,evt_synth_20260825_131,card,3063.96,"GATEWAY_ERROR",0.72,true,false,DISPATCH_PAYMENT_LINK,UNRECOVERED,CREATE_PAYMENT_LINK,AUTO_EXECUTE,LINK_EXPIRED_UNPAID,2264.00,NONE
132,pay_synth_20260825_132,evt_synth_20260825_132,card,18884.67,"UPI_APP_TIMEOUT",0.42,true,false,DISPATCH_PAYMENT_LINK,RECOVERED,CREATE_PAYMENT_LINK,AUTO_EXECUTE,RECOVERED,13341.00,ATTRIBUTED_INTERVENTION
133,pay_synth_20260825_133,evt_synth_20260825_133,card,3210.31,"GATEWAY_ERROR",0.65,true,false,DISPATCH_PAYMENT_LINK,RECOVERED,CREATE_PAYMENT_LINK,AUTO_EXECUTE,RECOVERED,2373.00,ATTRIBUTED_INTERVENTION
134,pay_synth_20260825_134,evt_synth_20260825_134,netbanking,530.78,"BAD_REQUEST",0.30,true,false,NO_ACTION,UNRECOVERED,CREATE_PAYMENT_LINK,AUTO_EXECUTE,RECOVERED,296.00,ATTRIBUTED_INTERVENTION
135,pay_synth_20260825_135,evt_synth_20260825_135,upi,407.89,"BANK_TIMEOUT",0.67,true,false,NO_ACTION,UNRECOVERED,CREATE_PAYMENT_LINK,AUTO_EXECUTE,RECOVERED,310.00,ATTRIBUTED_INTERVENTION
136,pay_synth_20260825_136,evt_synth_20260825_136,netbanking,217.18,"UPI_APP_TIMEOUT",0.66,true,false,NO_ACTION,UNRECOVERED,CREATE_PAYMENT_LINK,AUTO_EXECUTE,LINK_EXPIRED_UNPAID,147.00,NONE
137,pay_synth_20260825_137,evt_synth_20260825_137,upi,2687.51,"UPI_APP_TIMEOUT",0.36,true,false,DISPATCH_PAYMENT_LINK,SPAM_FATIGUE_PENALTY,CREATE_PAYMENT_LINK,AUTO_EXECUTE,RECOVERED,1893.00,ATTRIBUTED_INTERVENTION
138,pay_synth_20260825_138,evt_synth_20260825_138,card,981.49,"BAD_REQUEST",0.54,true,false,NO_ACTION,UNRECOVERED,CREATE_PAYMENT_LINK,AUTO_EXECUTE,LINK_EXPIRED_UNPAID,553.00,NONE
139,pay_synth_20260825_139,evt_synth_20260825_139,netbanking,2736.14,"BANK_TIMEOUT",0.40,true,false,DISPATCH_PAYMENT_LINK,RECOVERED,CREATE_PAYMENT_LINK,AUTO_EXECUTE,RECOVERED,2115.00,ATTRIBUTED_INTERVENTION
140,pay_synth_20260825_140,evt_synth_20260825_140,netbanking,319.97,"GATEWAY_ERROR",0.36,true,false,NO_ACTION,UNRECOVERED,CREATE_PAYMENT_LINK,AUTO_EXECUTE,RECOVERED,231.00,ATTRIBUTED_INTERVENTION
141,pay_synth_20260825_141,evt_synth_20260825_141,netbanking,523.44,"AUTHENTICATION_ERROR",0.55,true,false,NO_ACTION,UNRECOVERED,CREATE_PAYMENT_LINK,AUTO_EXECUTE,RECOVERED,411.00,ATTRIBUTED_INTERVENTION
142,pay_synth_20260825_142,evt_synth_20260825_142,card,2782.20,"CHECKOUT_ABANDONMENT",0.33,true,false,DISPATCH_PAYMENT_LINK,SPAM_FATIGUE_PENALTY,CREATE_PAYMENT_LINK,AUTO_EXECUTE,RECOVERED,1326.00,ATTRIBUTED_INTERVENTION
143,pay_synth_20260825_143,evt_synth_20260825_143,upi,2783.43,"BAD_REQUEST",0.34,true,false,NO_ACTION,UNRECOVERED,CREATE_PAYMENT_LINK,AUTO_EXECUTE,LINK_EXPIRED_UNPAID,1580.00,NONE
144,pay_synth_20260825_144,evt_synth_20260825_144,card,8689.89,"AUTHENTICATION_ERROR",0.52,true,false,DISPATCH_PAYMENT_LINK,RECOVERED,CREATE_PAYMENT_LINK,AUTO_EXECUTE,RECOVERED,6928.00,ATTRIBUTED_INTERVENTION
145,pay_synth_20260825_145,evt_synth_20260825_145,card,6120.91,"CHECKOUT_ABANDONMENT",0.44,true,false,DISPATCH_PAYMENT_LINK,UNRECOVERED,CREATE_PAYMENT_LINK,AUTO_EXECUTE,LINK_EXPIRED_UNPAID,2924.00,NONE
146,pay_synth_20260825_146,evt_synth_20260825_146,card,10130.60,"AUTHENTICATION_ERROR",0.45,true,false,DISPATCH_PAYMENT_LINK,RECOVERED,CREATE_PAYMENT_LINK,AUTO_EXECUTE,RECOVERED,8078.00,ATTRIBUTED_INTERVENTION
147,pay_synth_20260825_147,evt_synth_20260825_147,upi,3160.71,"BANK_TIMEOUT",0.50,true,false,DISPATCH_PAYMENT_LINK,UNRECOVERED,CREATE_PAYMENT_LINK,AUTO_EXECUTE,LINK_EXPIRED_UNPAID,2444.00,NONE
148,pay_synth_20260825_148,evt_synth_20260825_148,card,13483.46,"GATEWAY_ERROR",0.58,true,false,DISPATCH_PAYMENT_LINK,UNRECOVERED,CREATE_PAYMENT_LINK,AUTO_EXECUTE,LINK_EXPIRED_UNPAID,9985.00,NONE
149,pay_synth_20260825_149,evt_synth_20260825_149,card,732.29,"CHECKOUT_ABANDONMENT",0.75,true,false,NO_ACTION,UNRECOVERED,CREATE_PAYMENT_LINK,AUTO_EXECUTE,LINK_EXPIRED_UNPAID,344.00,NONE
150,pay_synth_20260825_150,evt_synth_20260825_150,card,93167.60,"GATEWAY_ERROR",0.44,true,false,DISPATCH_PAYMENT_LINK,UNRECOVERED,ESCALATE_TO_OPS,ESCALATE_HUMAN,HUMAN_APPROVED_UNPAID,69031.00,NONE
151,pay_synth_20260825_151,evt_synth_20260825_151,upi,2638.42,"BANK_TIMEOUT",0.61,true,false,DISPATCH_PAYMENT_LINK,RECOVERED,CREATE_PAYMENT_LINK,AUTO_EXECUTE,RECOVERED,2039.00,ATTRIBUTED_INTERVENTION
152,pay_synth_20260825_152,evt_synth_20260825_152,card,2750.64,"UPI_APP_TIMEOUT",0.80,true,false,DISPATCH_PAYMENT_LINK,UNRECOVERED,CREATE_PAYMENT_LINK,AUTO_EXECUTE,LINK_EXPIRED_UNPAID,1938.00,NONE
153,pay_synth_20260825_153,evt_synth_20260825_153,card,274.46,"GATEWAY_ERROR",0.43,true,false,NO_ACTION,UNRECOVERED,CREATE_PAYMENT_LINK,AUTO_EXECUTE,LINK_EXPIRED_UNPAID,197.00,NONE
154,pay_synth_20260825_154,evt_synth_20260825_154,upi,2227.67,"CHECKOUT_ABANDONMENT",0.72,true,false,DISPATCH_PAYMENT_LINK,UNRECOVERED,CREATE_PAYMENT_LINK,AUTO_EXECUTE,LINK_EXPIRED_UNPAID,1060.00,NONE
155,pay_synth_20260825_155,evt_synth_20260825_155,netbanking,1768.95,"BANK_TIMEOUT",0.32,true,false,DISPATCH_PAYMENT_LINK,SPAM_FATIGUE_PENALTY,CREATE_PAYMENT_LINK,AUTO_EXECUTE,RECOVERED,1365.00,ATTRIBUTED_INTERVENTION
156,pay_synth_20260825_156,evt_synth_20260825_156,netbanking,827.62,"GATEWAY_ERROR",0.93,false,false,NO_ACTION,UNRECOVERED,CREATE_PAYMENT_LINK,AUTO_EXECUTE,LINK_EXPIRED_UNPAID,607.00,NONE
157,pay_synth_20260825_157,evt_synth_20260825_157,upi,78236.20,"UPI_APP_TIMEOUT",0.51,true,false,DISPATCH_PAYMENT_LINK,RECOVERED,ESCALATE_TO_OPS,ESCALATE_HUMAN,PENDING_HUMAN_OPS,55291.00,NONE
158,pay_synth_20260825_158,evt_synth_20260825_158,upi,1182.01,"GATEWAY_ERROR",0.51,true,false,DISPATCH_PAYMENT_LINK,UNRECOVERED,CREATE_PAYMENT_LINK,AUTO_EXECUTE,LINK_EXPIRED_UNPAID,870.00,NONE
159,pay_synth_20260825_159,evt_synth_20260825_159,upi,2596.15,"AUTHENTICATION_ERROR",0.35,true,false,DISPATCH_PAYMENT_LINK,SPAM_FATIGUE_PENALTY,CREATE_PAYMENT_LINK,AUTO_EXECUTE,RECOVERED,2065.00,ATTRIBUTED_INTERVENTION
160,pay_synth_20260825_160,evt_synth_20260825_160,card,68941.66,"AUTHENTICATION_ERROR",0.76,true,false,DISPATCH_PAYMENT_LINK,UNRECOVERED,ESCALATE_TO_OPS,ESCALATE_HUMAN,HUMAN_APPROVED_UNPAID,55009.00,NONE
161,pay_synth_20260825_161,evt_synth_20260825_161,card,2724.53,"GATEWAY_ERROR",0.58,true,false,DISPATCH_PAYMENT_LINK,UNRECOVERED,CREATE_PAYMENT_LINK,AUTO_EXECUTE,LINK_EXPIRED_UNPAID,2013.00,NONE
162,pay_synth_20260825_162,evt_synth_20260825_162,netbanking,2909.34,"CHECKOUT_ABANDONMENT",0.56,true,false,DISPATCH_PAYMENT_LINK,UNRECOVERED,CREATE_PAYMENT_LINK,AUTO_EXECUTE,LINK_EXPIRED_UNPAID,1387.00,NONE
163,pay_synth_20260825_163,evt_synth_20260825_163,netbanking,1492.42,"BAD_REQUEST",0.46,true,false,NO_ACTION,UNRECOVERED,CREATE_PAYMENT_LINK,AUTO_EXECUTE,LINK_EXPIRED_UNPAID,844.00,NONE
164,pay_synth_20260825_164,evt_synth_20260825_164,netbanking,2255.41,"CHECKOUT_ABANDONMENT",0.62,true,false,DISPATCH_PAYMENT_LINK,UNRECOVERED,CREATE_PAYMENT_LINK,AUTO_EXECUTE,LINK_EXPIRED_UNPAID,1074.00,NONE
165,pay_synth_20260825_165,evt_synth_20260825_165,upi,3026.05,"AUTHENTICATION_ERROR",0.39,true,false,DISPATCH_PAYMENT_LINK,SPAM_FATIGUE_PENALTY,CREATE_PAYMENT_LINK,AUTO_EXECUTE,LINK_EXPIRED_UNPAID,2408.00,NONE
166,pay_synth_20260825_166,evt_synth_20260825_166,card,3276.48,"CHECKOUT_ABANDONMENT",0.59,true,false,DISPATCH_PAYMENT_LINK,RECOVERED,CREATE_PAYMENT_LINK,AUTO_EXECUTE,RECOVERED,1562.00,ATTRIBUTED_INTERVENTION
167,pay_synth_20260825_167,evt_synth_20260825_167,upi,9772.21,"UPI_APP_TIMEOUT",0.66,true,false,DISPATCH_PAYMENT_LINK,UNRECOVERED,CREATE_PAYMENT_LINK,AUTO_EXECUTE,LINK_EXPIRED_UNPAID,6901.00,NONE
168,pay_synth_20260825_168,evt_synth_20260825_168,netbanking,2403.86,"GATEWAY_ERROR",0.77,true,false,DISPATCH_PAYMENT_LINK,RECOVERED,CREATE_PAYMENT_LINK,AUTO_EXECUTE,RECOVERED,1775.00,ATTRIBUTED_INTERVENTION
169,pay_synth_20260825_169,evt_synth_20260825_169,netbanking,9021.26,"GATEWAY_ERROR",0.64,true,false,DISPATCH_PAYMENT_LINK,RECOVERED,CREATE_PAYMENT_LINK,AUTO_EXECUTE,RECOVERED,6678.00,ATTRIBUTED_INTERVENTION
170,pay_synth_20260825_170,evt_synth_20260825_170,netbanking,3180.19,"GATEWAY_ERROR",0.89,true,false,DISPATCH_PAYMENT_LINK,RECOVERED,CREATE_PAYMENT_LINK,AUTO_EXECUTE,RECOVERED,2350.00,ATTRIBUTED_INTERVENTION
171,pay_synth_20260825_171,evt_synth_20260825_171,upi,56408.87,"BANK_TIMEOUT",0.72,true,false,DISPATCH_PAYMENT_LINK,RECOVERED,ESCALATE_TO_OPS,ESCALATE_HUMAN,PENDING_HUMAN_OPS,43722.00,NONE
172,pay_synth_20260825_172,evt_synth_20260825_172,card,9713.42,"GATEWAY_ERROR",0.82,true,false,DISPATCH_PAYMENT_LINK,RECOVERED,CREATE_PAYMENT_LINK,AUTO_EXECUTE,RECOVERED,7191.00,ATTRIBUTED_INTERVENTION
173,pay_synth_20260825_173,evt_synth_20260825_173,netbanking,910.31,"CHECKOUT_ABANDONMENT",0.81,true,false,NO_ACTION,UNRECOVERED,CREATE_PAYMENT_LINK,AUTO_EXECUTE,LINK_EXPIRED_UNPAID,430.00,NONE
174,pay_synth_20260825_174,evt_synth_20260825_174,card,868.51,"BAD_REQUEST",0.58,true,false,NO_ACTION,UNRECOVERED,CREATE_PAYMENT_LINK,AUTO_EXECUTE,LINK_EXPIRED_UNPAID,489.00,NONE
175,pay_synth_20260825_175,evt_synth_20260825_175,card,3358.78,"CHECKOUT_ABANDONMENT",0.56,true,false,DISPATCH_PAYMENT_LINK,UNRECOVERED,CREATE_PAYMENT_LINK,AUTO_EXECUTE,LINK_EXPIRED_UNPAID,1602.00,NONE
176,pay_synth_20260825_176,evt_synth_20260825_176,netbanking,1264.47,"AUTHENTICATION_ERROR",0.86,true,false,DISPATCH_PAYMENT_LINK,UNRECOVERED,CREATE_PAYMENT_LINK,AUTO_EXECUTE,LINK_EXPIRED_UNPAID,1003.00,NONE
177,pay_synth_20260825_177,evt_synth_20260825_177,netbanking,2114.32,"UPI_APP_TIMEOUT",0.38,true,false,DISPATCH_PAYMENT_LINK,SPAM_FATIGUE_PENALTY,CREATE_PAYMENT_LINK,AUTO_EXECUTE,LINK_EXPIRED_UNPAID,1488.00,NONE
178,pay_synth_20260825_178,evt_synth_20260825_178,upi,1669.16,"GATEWAY_ERROR",0.38,true,false,DISPATCH_PAYMENT_LINK,SPAM_FATIGUE_PENALTY,CREATE_PAYMENT_LINK,AUTO_EXECUTE,LINK_EXPIRED_UNPAID,1231.00,NONE
179,pay_synth_20260825_179,evt_synth_20260825_179,netbanking,1674.81,"UPI_APP_TIMEOUT",0.77,true,false,DISPATCH_PAYMENT_LINK,UNRECOVERED,CREATE_PAYMENT_LINK,AUTO_EXECUTE,LINK_EXPIRED_UNPAID,1177.00,NONE
180,pay_synth_20260825_180,evt_synth_20260825_180,upi,719.02,"GATEWAY_ERROR",0.69,true,false,NO_ACTION,UNRECOVERED,CREATE_PAYMENT_LINK,AUTO_EXECUTE,RECOVERED,526.00,ATTRIBUTED_INTERVENTION
181,pay_synth_20260825_181,evt_synth_20260825_181,upi,6864.95,"AUTHENTICATION_ERROR",0.46,true,false,DISPATCH_PAYMENT_LINK,RECOVERED,CREATE_PAYMENT_LINK,AUTO_EXECUTE,RECOVERED,5472.00,ATTRIBUTED_INTERVENTION
182,pay_synth_20260825_182,evt_synth_20260825_182,card,628.29,"BAD_REQUEST",0.76,true,false,NO_ACTION,UNRECOVERED,CREATE_PAYMENT_LINK,AUTO_EXECUTE,LINK_EXPIRED_UNPAID,352.00,NONE
183,pay_synth_20260825_183,evt_synth_20260825_183,card,3443.08,"CHECKOUT_ABANDONMENT",0.50,true,false,DISPATCH_PAYMENT_LINK,UNRECOVERED,CREATE_PAYMENT_LINK,AUTO_EXECUTE,LINK_EXPIRED_UNPAID,1642.00,NONE
184,pay_synth_20260825_184,evt_synth_20260825_184,upi,2141.94,"AUTHENTICATION_ERROR",0.65,true,false,DISPATCH_PAYMENT_LINK,UNRECOVERED,CREATE_PAYMENT_LINK,AUTO_EXECUTE,LINK_EXPIRED_UNPAID,1703.00,NONE
185,pay_synth_20260825_185,evt_synth_20260825_185,upi,17948.36,"BAD_REQUEST",0.58,true,false,NO_ACTION,UNRECOVERED,CREATE_PAYMENT_LINK,AUTO_EXECUTE,LINK_EXPIRED_UNPAID,10224.00,NONE
186,pay_synth_20260825_186,evt_synth_20260825_186,card,370.61,"UPI_APP_TIMEOUT",0.45,true,false,NO_ACTION,UNRECOVERED,CREATE_PAYMENT_LINK,AUTO_EXECUTE,LINK_EXPIRED_UNPAID,256.00,NONE
187,pay_synth_20260825_187,evt_synth_20260825_187,upi,17001.43,"BANK_TIMEOUT",0.30,false,false,DISPATCH_PAYMENT_LINK,SPAM_FATIGUE_PENALTY,CREATE_PAYMENT_LINK,AUTO_EXECUTE,RECOVERED,13173.00,ATTRIBUTED_INTERVENTION
188,pay_synth_20260825_188,evt_synth_20260825_188,netbanking,2620.06,"AUTHENTICATION_ERROR",0.37,true,false,DISPATCH_PAYMENT_LINK,SPAM_FATIGUE_PENALTY,CREATE_PAYMENT_LINK,AUTO_EXECUTE,RECOVERED,2085.00,ATTRIBUTED_INTERVENTION
189,pay_synth_20260825_189,evt_synth_20260825_189,card,54824.79,"GATEWAY_ERROR",0.75,false,false,DISPATCH_PAYMENT_LINK,SPAM_FATIGUE_PENALTY,ESCALATE_TO_OPS,ESCALATE_HUMAN,PENDING_HUMAN_OPS,40619.00,NONE
190,pay_synth_20260825_190,evt_synth_20260825_190,card,7860.71,"AUTHENTICATION_ERROR",0.72,true,false,DISPATCH_PAYMENT_LINK,UNRECOVERED,CREATE_PAYMENT_LINK,AUTO_EXECUTE,LINK_EXPIRED_UNPAID,6267.00,NONE
191,pay_synth_20260825_191,evt_synth_20260825_191,card,39.66,"AUTHENTICATION_ERROR",0.51,true,false,NO_ACTION,UNRECOVERED,CREATE_PAYMENT_LINK,AUTO_EXECUTE,RECOVERED,25.00,ATTRIBUTED_INTERVENTION
192,pay_synth_20260825_192,evt_synth_20260825_192,netbanking,3383.59,"CHECKOUT_ABANDONMENT",0.44,true,false,DISPATCH_PAYMENT_LINK,UNRECOVERED,CREATE_PAYMENT_LINK,AUTO_EXECUTE,LINK_EXPIRED_UNPAID,1614.00,NONE
193,pay_synth_20260825_193,evt_synth_20260825_193,netbanking,2489.97,"CHECKOUT_ABANDONMENT",0.51,true,false,DISPATCH_PAYMENT_LINK,RECOVERED,CREATE_PAYMENT_LINK,AUTO_EXECUTE,RECOVERED,1186.00,ATTRIBUTED_INTERVENTION
194,pay_synth_20260825_194,evt_synth_20260825_194,card,1578.57,"CHECKOUT_ABANDONMENT",0.55,true,false,DISPATCH_PAYMENT_LINK,UNRECOVERED,CREATE_PAYMENT_LINK,AUTO_EXECUTE,LINK_EXPIRED_UNPAID,750.00,NONE
195,pay_synth_20260825_195,evt_synth_20260825_195,upi,1629.15,"BANK_TIMEOUT",0.79,true,false,DISPATCH_PAYMENT_LINK,UNRECOVERED,CREATE_PAYMENT_LINK,AUTO_EXECUTE,LINK_EXPIRED_UNPAID,1257.00,NONE
196,pay_synth_20260825_196,evt_synth_20260825_196,upi,3467.30,"BAD_REQUEST",0.88,true,false,NO_ACTION,UNRECOVERED,CREATE_PAYMENT_LINK,AUTO_EXECUTE,RECOVERED,1970.00,ATTRIBUTED_INTERVENTION
197,pay_synth_20260825_197,evt_synth_20260825_197,upi,779.17,"AUTHENTICATION_ERROR",0.54,true,false,NO_ACTION,UNRECOVERED,CREATE_PAYMENT_LINK,AUTO_EXECUTE,RECOVERED,615.00,ATTRIBUTED_INTERVENTION
198,pay_synth_20260825_198,evt_synth_20260825_198,card,1089.74,"UPI_APP_TIMEOUT",0.40,true,false,DISPATCH_PAYMENT_LINK,RECOVERED,CREATE_PAYMENT_LINK,AUTO_EXECUTE,RECOVERED,764.00,ATTRIBUTED_INTERVENTION
199,pay_synth_20260825_199,evt_synth_20260825_199,upi,2048.95,"AUTHENTICATION_ERROR",0.90,true,false,DISPATCH_PAYMENT_LINK,RECOVERED,CREATE_PAYMENT_LINK,AUTO_EXECUTE,RECOVERED,1629.00,ATTRIBUTED_INTERVENTION
200,pay_synth_20260825_200,evt_synth_20260825_200,netbanking,1716.68,"UPI_APP_TIMEOUT",0.41,true,false,DISPATCH_PAYMENT_LINK,RECOVERED,CREATE_PAYMENT_LINK,AUTO_EXECUTE,RECOVERED,1207.00,ATTRIBUTED_INTERVENTION
201,pay_synth_20260825_201,evt_synth_20260825_201,upi,1335.18,"CHECKOUT_ABANDONMENT",0.57,true,false,DISPATCH_PAYMENT_LINK,UNRECOVERED,CREATE_PAYMENT_LINK,AUTO_EXECUTE,LINK_EXPIRED_UNPAID,633.00,NONE
202,pay_synth_20260825_202,evt_synth_20260825_202,netbanking,178.65,"BANK_TIMEOUT",0.79,true,false,NO_ACTION,UNRECOVERED,CREATE_PAYMENT_LINK,AUTO_EXECUTE,RECOVERED,132.00,ATTRIBUTED_INTERVENTION
203,pay_synth_20260825_203,evt_synth_20260825_203,card,2802.91,"CHECKOUT_ABANDONMENT",0.86,true,false,DISPATCH_PAYMENT_LINK,UNRECOVERED,CREATE_PAYMENT_LINK,AUTO_EXECUTE,LINK_EXPIRED_UNPAID,1336.00,NONE
204,pay_synth_20260825_204,evt_synth_20260825_204,card,40446.49,"GATEWAY_ERROR",0.85,true,false,DISPATCH_PAYMENT_LINK,RECOVERED,ESCALATE_TO_OPS,ESCALATE_HUMAN,HUMAN_APPROVED_RECOVERED,29965.00,ATTRIBUTED_INTERVENTION
205,pay_synth_20260825_205,evt_synth_20260825_205,card,760.07,"UPI_APP_TIMEOUT",0.88,true,false,NO_ACTION,UNRECOVERED,CREATE_PAYMENT_LINK,AUTO_EXECUTE,RECOVERED,531.00,ATTRIBUTED_INTERVENTION
206,pay_synth_20260825_206,evt_synth_20260825_206,netbanking,18477.03,"AUTHENTICATION_ERROR",0.56,false,false,DISPATCH_PAYMENT_LINK,SPAM_FATIGUE_PENALTY,CREATE_PAYMENT_LINK,AUTO_EXECUTE,LINK_EXPIRED_UNPAID,14738.00,NONE
207,pay_synth_20260825_207,evt_synth_20260825_207,card,2696.24,"BAD_REQUEST",0.65,true,false,NO_ACTION,UNRECOVERED,CREATE_PAYMENT_LINK,AUTO_EXECUTE,LINK_EXPIRED_UNPAID,1531.00,NONE
208,pay_synth_20260825_208,evt_synth_20260825_208,netbanking,19792.02,"BAD_REQUEST",0.78,true,false,NO_ACTION,UNRECOVERED,CREATE_PAYMENT_LINK,AUTO_EXECUTE,LINK_EXPIRED_UNPAID,11275.00,NONE
209,pay_synth_20260825_209,evt_synth_20260825_209,card,2478.05,"GATEWAY_ERROR",0.84,true,false,DISPATCH_PAYMENT_LINK,RECOVERED,CREATE_PAYMENT_LINK,AUTO_EXECUTE,RECOVERED,1830.00,ATTRIBUTED_INTERVENTION
210,pay_synth_20260825_210,evt_synth_20260825_210,card,1694.82,"BANK_TIMEOUT",0.57,true,false,DISPATCH_PAYMENT_LINK,RECOVERED,CREATE_PAYMENT_LINK,AUTO_EXECUTE,RECOVERED,1308.00,ATTRIBUTED_INTERVENTION
211,pay_synth_20260825_211,evt_synth_20260825_211,netbanking,3228.37,"AUTHENTICATION_ERROR",0.91,true,false,DISPATCH_PAYMENT_LINK,UNRECOVERED,CREATE_PAYMENT_LINK,AUTO_EXECUTE,LINK_EXPIRED_UNPAID,2570.00,NONE
212,pay_synth_20260825_212,evt_synth_20260825_212,netbanking,1073.08,"BANK_TIMEOUT",0.70,true,false,DISPATCH_PAYMENT_LINK,RECOVERED,CREATE_PAYMENT_LINK,AUTO_EXECUTE,RECOVERED,826.00,ATTRIBUTED_INTERVENTION
213,pay_synth_20260825_213,evt_synth_20260825_213,card,8476.25,"AUTHENTICATION_ERROR",0.76,true,false,DISPATCH_PAYMENT_LINK,RECOVERED,CREATE_PAYMENT_LINK,AUTO_EXECUTE,RECOVERED,6758.00,ATTRIBUTED_INTERVENTION
214,pay_synth_20260825_214,evt_synth_20260825_214,card,39135.22,"GATEWAY_ERROR",0.90,true,false,DISPATCH_PAYMENT_LINK,UNRECOVERED,ESCALATE_TO_OPS,ESCALATE_HUMAN,HUMAN_APPROVED_UNPAID,28993.00,NONE
215,pay_synth_20260825_215,evt_synth_20260825_215,netbanking,53246.45,"CHECKOUT_ABANDONMENT",0.74,true,false,DISPATCH_PAYMENT_LINK,UNRECOVERED,ESCALATE_TO_OPS,ESCALATE_HUMAN,PENDING_HUMAN_OPS,25488.00,NONE
216,pay_synth_20260825_216,evt_synth_20260825_216,upi,14760.21,"BANK_TIMEOUT",0.56,true,false,DISPATCH_PAYMENT_LINK,UNRECOVERED,CREATE_PAYMENT_LINK,AUTO_EXECUTE,LINK_EXPIRED_UNPAID,11436.00,NONE
217,pay_synth_20260825_217,evt_synth_20260825_217,netbanking,1830.11,"CHECKOUT_ABANDONMENT",0.57,true,false,DISPATCH_PAYMENT_LINK,UNRECOVERED,CREATE_PAYMENT_LINK,AUTO_EXECUTE,LINK_EXPIRED_UNPAID,870.00,NONE
218,pay_synth_20260825_218,evt_synth_20260825_218,upi,2171.05,"GATEWAY_ERROR",0.37,true,false,DISPATCH_PAYMENT_LINK,SPAM_FATIGUE_PENALTY,CREATE_PAYMENT_LINK,AUTO_EXECUTE,LINK_EXPIRED_UNPAID,1602.00,NONE
219,pay_synth_20260825_219,evt_synth_20260825_219,upi,2227.98,"CHECKOUT_ABANDONMENT",0.52,true,false,DISPATCH_PAYMENT_LINK,RECOVERED,CREATE_PAYMENT_LINK,AUTO_EXECUTE,RECOVERED,1060.00,ATTRIBUTED_INTERVENTION
220,pay_synth_20260825_220,evt_synth_20260825_220,netbanking,5754.56,"BANK_TIMEOUT",0.92,true,false,DISPATCH_PAYMENT_LINK,UNRECOVERED,CREATE_PAYMENT_LINK,AUTO_EXECUTE,LINK_EXPIRED_UNPAID,4455.00,NONE
221,pay_synth_20260825_221,evt_synth_20260825_221,netbanking,963.64,"AUTHENTICATION_ERROR",0.80,true,false,NO_ACTION,UNRECOVERED,CREATE_PAYMENT_LINK,AUTO_EXECUTE,RECOVERED,763.00,ATTRIBUTED_INTERVENTION
222,pay_synth_20260825_222,evt_synth_20260825_222,netbanking,10732.78,"UPI_APP_TIMEOUT",0.77,true,false,DISPATCH_PAYMENT_LINK,RECOVERED,CREATE_PAYMENT_LINK,AUTO_EXECUTE,RECOVERED,7580.00,ATTRIBUTED_INTERVENTION
223,pay_synth_20260825_223,evt_synth_20260825_223,upi,14477.92,"UPI_APP_TIMEOUT",0.56,true,false,DISPATCH_PAYMENT_LINK,RECOVERED,CREATE_PAYMENT_LINK,AUTO_EXECUTE,RECOVERED,10227.00,ATTRIBUTED_INTERVENTION
224,pay_synth_20260825_224,evt_synth_20260825_224,netbanking,700.67,"CHECKOUT_ABANDONMENT",0.31,true,false,NO_ACTION,UNRECOVERED,CREATE_PAYMENT_LINK,AUTO_EXECUTE,LINK_EXPIRED_UNPAID,329.00,NONE
225,pay_synth_20260825_225,evt_synth_20260825_225,upi,308.03,"GATEWAY_ERROR",0.40,true,false,NO_ACTION,UNRECOVERED,CREATE_PAYMENT_LINK,AUTO_EXECUTE,LINK_EXPIRED_UNPAID,222.00,NONE
226,pay_synth_20260825_226,evt_synth_20260825_226,card,69861.04,"CHECKOUT_ABANDONMENT",0.72,true,false,DISPATCH_PAYMENT_LINK,RECOVERED,ESCALATE_TO_OPS,ESCALATE_HUMAN,HUMAN_APPROVED_RECOVERED,33443.00,ATTRIBUTED_INTERVENTION
227,pay_synth_20260825_227,evt_synth_20260825_227,netbanking,349.16,"GATEWAY_ERROR",0.68,false,false,NO_ACTION,UNRECOVERED,CREATE_PAYMENT_LINK,AUTO_EXECUTE,RECOVERED,252.00,ATTRIBUTED_INTERVENTION
228,pay_synth_20260825_228,evt_synth_20260825_228,card,2846.24,"BAD_REQUEST",0.82,true,false,NO_ACTION,UNRECOVERED,CREATE_PAYMENT_LINK,AUTO_EXECUTE,LINK_EXPIRED_UNPAID,1616.00,NONE
229,pay_synth_20260825_229,evt_synth_20260825_229,card,301.30,"UPI_APP_TIMEOUT",0.91,true,false,NO_ACTION,UNRECOVERED,CREATE_PAYMENT_LINK,AUTO_EXECUTE,RECOVERED,207.00,ATTRIBUTED_INTERVENTION
230,pay_synth_20260825_230,evt_synth_20260825_230,netbanking,3332.11,"BAD_REQUEST",0.86,true,false,NO_ACTION,UNRECOVERED,CREATE_PAYMENT_LINK,AUTO_EXECUTE,RECOVERED,1893.00,ATTRIBUTED_INTERVENTION
231,pay_synth_20260825_231,evt_synth_20260825_231,card,3074.07,"UPI_APP_TIMEOUT",0.62,true,false,DISPATCH_PAYMENT_LINK,RECOVERED,CREATE_PAYMENT_LINK,AUTO_EXECUTE,RECOVERED,2166.00,ATTRIBUTED_INTERVENTION
232,pay_synth_20260825_232,evt_synth_20260825_232,upi,4024.96,"CHECKOUT_ABANDONMENT",0.93,true,false,DISPATCH_PAYMENT_LINK,UNRECOVERED,CREATE_PAYMENT_LINK,AUTO_EXECUTE,LINK_EXPIRED_UNPAID,1921.00,NONE
233,pay_synth_20260825_233,evt_synth_20260825_233,netbanking,2998.86,"BANK_TIMEOUT",0.67,true,false,DISPATCH_PAYMENT_LINK,UNRECOVERED,CREATE_PAYMENT_LINK,AUTO_EXECUTE,LINK_EXPIRED_UNPAID,2318.00,NONE
234,pay_synth_20260825_234,evt_synth_20260825_234,netbanking,1305.54,"AUTHENTICATION_ERROR",0.89,true,false,DISPATCH_PAYMENT_LINK,RECOVERED,CREATE_PAYMENT_LINK,AUTO_EXECUTE,RECOVERED,1036.00,ATTRIBUTED_INTERVENTION
235,pay_synth_20260825_235,evt_synth_20260825_235,card,5757.10,"BAD_REQUEST",0.33,true,false,NO_ACTION,UNRECOVERED,CREATE_PAYMENT_LINK,AUTO_EXECUTE,RECOVERED,3275.00,ATTRIBUTED_INTERVENTION
236,pay_synth_20260825_236,evt_synth_20260825_236,card,90206.23,"AUTHENTICATION_ERROR",0.90,true,false,DISPATCH_PAYMENT_LINK,UNRECOVERED,ESCALATE_TO_OPS,ESCALATE_HUMAN,HUMAN_APPROVED_UNPAID,71978.00,NONE
237,pay_synth_20260825_237,evt_synth_20260825_237,card,514.61,"AUTHENTICATION_ERROR",0.70,true,false,NO_ACTION,UNRECOVERED,CREATE_PAYMENT_LINK,AUTO_EXECUTE,LINK_EXPIRED_UNPAID,404.00,NONE
238,pay_synth_20260825_238,evt_synth_20260825_238,upi,1903.34,"CHECKOUT_ABANDONMENT",0.35,true,false,DISPATCH_PAYMENT_LINK,SPAM_FATIGUE_PENALTY,CREATE_PAYMENT_LINK,AUTO_EXECUTE,RECOVERED,905.00,ATTRIBUTED_INTERVENTION
239,pay_synth_20260825_239,evt_synth_20260825_239,netbanking,12218.57,"UPI_APP_TIMEOUT",0.75,true,false,DISPATCH_PAYMENT_LINK,UNRECOVERED,CREATE_PAYMENT_LINK,AUTO_EXECUTE,LINK_EXPIRED_UNPAID,8630.00,NONE
240,pay_synth_20260825_240,evt_synth_20260825_240,upi,2392.99,"BANK_TIMEOUT",0.64,true,false,DISPATCH_PAYMENT_LINK,RECOVERED,CREATE_PAYMENT_LINK,AUTO_EXECUTE,RECOVERED,1849.00,ATTRIBUTED_INTERVENTION
241,pay_synth_20260825_241,evt_synth_20260825_241,upi,16418.12,"GATEWAY_ERROR",0.88,true,false,DISPATCH_PAYMENT_LINK,UNRECOVERED,CREATE_PAYMENT_LINK,AUTO_EXECUTE,LINK_EXPIRED_UNPAID,12160.00,NONE
242,pay_synth_20260825_242,evt_synth_20260825_242,upi,394.85,"CHECKOUT_ABANDONMENT",0.74,true,false,NO_ACTION,UNRECOVERED,CREATE_PAYMENT_LINK,AUTO_EXECUTE,LINK_EXPIRED_UNPAID,183.00,NONE
243,pay_synth_20260825_243,evt_synth_20260825_243,upi,37746.13,"BAD_REQUEST",0.46,true,false,NO_ACTION,UNRECOVERED,ESCALATE_TO_OPS,ESCALATE_HUMAN,PENDING_HUMAN_OPS,21509.00,NONE
244,pay_synth_20260825_244,evt_synth_20260825_244,card,18517.76,"GATEWAY_ERROR",0.58,true,false,DISPATCH_PAYMENT_LINK,UNRECOVERED,CREATE_PAYMENT_LINK,AUTO_EXECUTE,LINK_EXPIRED_UNPAID,13715.00,NONE
245,pay_synth_20260825_245,evt_synth_20260825_245,upi,5991.11,"GATEWAY_ERROR",0.64,true,false,DISPATCH_PAYMENT_LINK,RECOVERED,CREATE_PAYMENT_LINK,AUTO_EXECUTE,RECOVERED,4433.00,ATTRIBUTED_INTERVENTION
246,pay_synth_20260825_246,evt_synth_20260825_246,card,3246.97,"AUTHENTICATION_ERROR",0.74,false,false,DISPATCH_PAYMENT_LINK,SPAM_FATIGUE_PENALTY,CREATE_PAYMENT_LINK,AUTO_EXECUTE,LINK_EXPIRED_UNPAID,2585.00,NONE
247,pay_synth_20260825_247,evt_synth_20260825_247,netbanking,1678.50,"UPI_APP_TIMEOUT",0.73,true,false,DISPATCH_PAYMENT_LINK,RECOVERED,CREATE_PAYMENT_LINK,AUTO_EXECUTE,RECOVERED,1180.00,ATTRIBUTED_INTERVENTION
248,pay_synth_20260825_248,evt_synth_20260825_248,card,191.04,"GATEWAY_ERROR",0.56,true,false,NO_ACTION,UNRECOVERED,CREATE_PAYMENT_LINK,AUTO_EXECUTE,RECOVERED,135.00,ATTRIBUTED_INTERVENTION
249,pay_synth_20260825_249,evt_synth_20260825_249,netbanking,78839.77,"AUTHENTICATION_ERROR",0.36,true,false,DISPATCH_PAYMENT_LINK,SPAM_FATIGUE_PENALTY,ESCALATE_TO_OPS,ESCALATE_HUMAN,PENDING_HUMAN_OPS,62908.00,NONE
250,pay_synth_20260825_250,evt_synth_20260825_250,upi,8286.04,"AUTHENTICATION_ERROR",0.72,true,false,DISPATCH_PAYMENT_LINK,RECOVERED,CREATE_PAYMENT_LINK,AUTO_EXECUTE,RECOVERED,6606.00,ATTRIBUTED_INTERVENTION
251,pay_synth_20260825_251,evt_synth_20260825_251,netbanking,2691.16,"GATEWAY_ERROR",0.74,true,false,DISPATCH_PAYMENT_LINK,UNRECOVERED,CREATE_PAYMENT_LINK,AUTO_EXECUTE,LINK_EXPIRED_UNPAID,1988.00,NONE
252,pay_synth_20260825_252,evt_synth_20260825_252,netbanking,6214.92,"BANK_TIMEOUT",0.48,true,false,DISPATCH_PAYMENT_LINK,RECOVERED,CREATE_PAYMENT_LINK,AUTO_EXECUTE,RECOVERED,4812.00,ATTRIBUTED_INTERVENTION
253,pay_synth_20260825_253,evt_synth_20260825_253,netbanking,1946.78,"BANK_TIMEOUT",0.69,true,false,DISPATCH_PAYMENT_LINK,UNRECOVERED,CREATE_PAYMENT_LINK,AUTO_EXECUTE,LINK_EXPIRED_UNPAID,1503.00,NONE
254,pay_synth_20260825_254,evt_synth_20260825_254,card,16571.54,"GATEWAY_ERROR",0.59,true,false,DISPATCH_PAYMENT_LINK,UNRECOVERED,CREATE_PAYMENT_LINK,AUTO_EXECUTE,LINK_EXPIRED_UNPAID,12273.00,NONE
255,pay_synth_20260825_255,evt_synth_20260825_255,card,2639.71,"BAD_REQUEST",0.76,true,false,NO_ACTION,UNRECOVERED,CREATE_PAYMENT_LINK,AUTO_EXECUTE,LINK_EXPIRED_UNPAID,1498.00,NONE
256,pay_synth_20260825_256,evt_synth_20260825_256,netbanking,2994.01,"UPI_APP_TIMEOUT",0.45,true,false,DISPATCH_PAYMENT_LINK,RECOVERED,CREATE_PAYMENT_LINK,AUTO_EXECUTE,RECOVERED,2110.00,ATTRIBUTED_INTERVENTION
257,pay_synth_20260825_257,evt_synth_20260825_257,upi,38209.09,"GATEWAY_ERROR",0.80,true,false,DISPATCH_PAYMENT_LINK,RECOVERED,ESCALATE_TO_OPS,ESCALATE_HUMAN,PENDING_HUMAN_OPS,28307.00,NONE
258,pay_synth_20260825_258,evt_synth_20260825_258,netbanking,375.26,"CHECKOUT_ABANDONMENT",0.75,true,false,NO_ACTION,UNRECOVERED,CREATE_PAYMENT_LINK,AUTO_EXECUTE,RECOVERED,173.00,ATTRIBUTED_INTERVENTION
259,pay_synth_20260825_259,evt_synth_20260825_259,netbanking,690.98,"BANK_TIMEOUT",0.53,true,false,NO_ACTION,UNRECOVERED,CREATE_PAYMENT_LINK,AUTO_EXECUTE,RECOVERED,529.00,ATTRIBUTED_INTERVENTION
260,pay_synth_20260825_260,evt_synth_20260825_260,netbanking,2786.06,"UPI_APP_TIMEOUT",0.32,true,false,DISPATCH_PAYMENT_LINK,SPAM_FATIGUE_PENALTY,CREATE_PAYMENT_LINK,AUTO_EXECUTE,RECOVERED,1963.00,ATTRIBUTED_INTERVENTION
261,pay_synth_20260825_261,evt_synth_20260825_261,card,3342.27,"BANK_TIMEOUT",0.63,true,false,DISPATCH_PAYMENT_LINK,RECOVERED,CREATE_PAYMENT_LINK,AUTO_EXECUTE,RECOVERED,2585.00,ATTRIBUTED_INTERVENTION
262,pay_synth_20260825_262,evt_synth_20260825_262,netbanking,2479.55,"UPI_APP_TIMEOUT",0.66,true,false,DISPATCH_PAYMENT_LINK,UNRECOVERED,CREATE_PAYMENT_LINK,AUTO_EXECUTE,LINK_EXPIRED_UNPAID,1746.00,NONE
263,pay_synth_20260825_263,evt_synth_20260825_263,netbanking,12973.60,"BANK_TIMEOUT",0.74,true,false,DISPATCH_PAYMENT_LINK,RECOVERED,CREATE_PAYMENT_LINK,AUTO_EXECUTE,RECOVERED,10051.00,ATTRIBUTED_INTERVENTION
264,pay_synth_20260825_264,evt_synth_20260825_264,card,9850.54,"UPI_APP_TIMEOUT",0.37,true,false,DISPATCH_PAYMENT_LINK,SPAM_FATIGUE_PENALTY,CREATE_PAYMENT_LINK,AUTO_EXECUTE,RECOVERED,6956.00,ATTRIBUTED_INTERVENTION
265,pay_synth_20260825_265,evt_synth_20260825_265,upi,2092.07,"UPI_APP_TIMEOUT",0.76,true,false,DISPATCH_PAYMENT_LINK,RECOVERED,CREATE_PAYMENT_LINK,AUTO_EXECUTE,RECOVERED,1472.00,ATTRIBUTED_INTERVENTION
266,pay_synth_20260825_266,evt_synth_20260825_266,card,3952.83,"CHECKOUT_ABANDONMENT",0.36,true,false,DISPATCH_PAYMENT_LINK,SPAM_FATIGUE_PENALTY,CREATE_PAYMENT_LINK,AUTO_EXECUTE,LINK_EXPIRED_UNPAID,1886.00,NONE
267,pay_synth_20260825_267,evt_synth_20260825_267,netbanking,1032.56,"AUTHENTICATION_ERROR",0.49,true,false,DISPATCH_PAYMENT_LINK,RECOVERED,CREATE_PAYMENT_LINK,AUTO_EXECUTE,RECOVERED,818.00,ATTRIBUTED_INTERVENTION
268,pay_synth_20260825_268,evt_synth_20260825_268,upi,6313.78,"GATEWAY_ERROR",0.91,true,false,DISPATCH_PAYMENT_LINK,RECOVERED,CREATE_PAYMENT_LINK,AUTO_EXECUTE,RECOVERED,4672.00,ATTRIBUTED_INTERVENTION
269,pay_synth_20260825_269,evt_synth_20260825_269,netbanking,9965.80,"CHECKOUT_ABANDONMENT",0.56,true,false,DISPATCH_PAYMENT_LINK,UNRECOVERED,CREATE_PAYMENT_LINK,AUTO_EXECUTE,LINK_EXPIRED_UNPAID,4765.00,NONE
270,pay_synth_20260825_270,evt_synth_20260825_270,card,3147.50,"UPI_APP_TIMEOUT",0.43,true,false,DISPATCH_PAYMENT_LINK,RECOVERED,CREATE_PAYMENT_LINK,AUTO_EXECUTE,RECOVERED,2218.00,ATTRIBUTED_INTERVENTION
271,pay_synth_20260825_271,evt_synth_20260825_271,netbanking,10558.98,"AUTHENTICATION_ERROR",0.49,true,false,DISPATCH_PAYMENT_LINK,UNRECOVERED,CREATE_PAYMENT_LINK,AUTO_EXECUTE,LINK_EXPIRED_UNPAID,8420.00,NONE
272,pay_synth_20260825_272,evt_synth_20260825_272,card,2835.86,"BANK_TIMEOUT",0.90,true,false,DISPATCH_PAYMENT_LINK,RECOVERED,CREATE_PAYMENT_LINK,AUTO_EXECUTE,RECOVERED,2192.00,ATTRIBUTED_INTERVENTION
273,pay_synth_20260825_273,evt_synth_20260825_273,upi,13546.94,"AUTHENTICATION_ERROR",0.57,true,false,DISPATCH_PAYMENT_LINK,RECOVERED,CREATE_PAYMENT_LINK,AUTO_EXECUTE,RECOVERED,10804.00,ATTRIBUTED_INTERVENTION
274,pay_synth_20260825_274,evt_synth_20260825_274,upi,1305.93,"GATEWAY_ERROR",0.52,true,false,DISPATCH_PAYMENT_LINK,RECOVERED,CREATE_PAYMENT_LINK,AUTO_EXECUTE,RECOVERED,961.00,ATTRIBUTED_INTERVENTION
275,pay_synth_20260825_275,evt_synth_20260825_275,upi,935.98,"BAD_REQUEST",0.68,true,false,NO_ACTION,UNRECOVERED,CREATE_PAYMENT_LINK,AUTO_EXECUTE,LINK_EXPIRED_UNPAID,527.00,NONE
276,pay_synth_20260825_276,evt_synth_20260825_276,card,1726.66,"AUTHENTICATION_ERROR",0.84,true,false,DISPATCH_PAYMENT_LINK,UNRECOVERED,CREATE_PAYMENT_LINK,AUTO_EXECUTE,LINK_EXPIRED_UNPAID,1372.00,NONE
277,pay_synth_20260825_277,evt_synth_20260825_277,card,3398.01,"BANK_TIMEOUT",0.40,true,false,DISPATCH_PAYMENT_LINK,RECOVERED,CREATE_PAYMENT_LINK,AUTO_EXECUTE,RECOVERED,2628.00,ATTRIBUTED_INTERVENTION
278,pay_synth_20260825_278,evt_synth_20260825_278,upi,94244.68,"CHECKOUT_ABANDONMENT",0.60,true,false,DISPATCH_PAYMENT_LINK,UNRECOVERED,ESCALATE_TO_OPS,ESCALATE_HUMAN,HUMAN_APPROVED_UNPAID,45118.00,NONE
279,pay_synth_20260825_279,evt_synth_20260825_279,netbanking,52016.70,"AUTHENTICATION_ERROR",0.75,true,false,DISPATCH_PAYMENT_LINK,RECOVERED,ESCALATE_TO_OPS,ESCALATE_HUMAN,PENDING_HUMAN_OPS,41503.00,NONE
280,pay_synth_20260825_280,evt_synth_20260825_280,card,2616.77,"CHECKOUT_ABANDONMENT",0.47,true,false,DISPATCH_PAYMENT_LINK,RECOVERED,CREATE_PAYMENT_LINK,AUTO_EXECUTE,RECOVERED,1247.00,ATTRIBUTED_INTERVENTION
281,pay_synth_20260825_281,evt_synth_20260825_281,upi,3275.19,"BANK_TIMEOUT",0.37,true,false,DISPATCH_PAYMENT_LINK,SPAM_FATIGUE_PENALTY,CREATE_PAYMENT_LINK,AUTO_EXECUTE,LINK_EXPIRED_UNPAID,2533.00,NONE
282,pay_synth_20260825_282,evt_synth_20260825_282,upi,88661.10,"GATEWAY_ERROR",0.86,true,false,DISPATCH_PAYMENT_LINK,RECOVERED,ESCALATE_TO_OPS,ESCALATE_HUMAN,HUMAN_APPROVED_RECOVERED,65692.00,ATTRIBUTED_INTERVENTION
283,pay_synth_20260825_283,evt_synth_20260825_283,netbanking,14498.21,"CHECKOUT_ABANDONMENT",0.81,true,false,DISPATCH_PAYMENT_LINK,RECOVERED,CREATE_PAYMENT_LINK,AUTO_EXECUTE,RECOVERED,6935.00,ATTRIBUTED_INTERVENTION
284,pay_synth_20260825_284,evt_synth_20260825_284,netbanking,411.04,"UPI_APP_TIMEOUT",0.65,true,false,NO_ACTION,UNRECOVERED,CREATE_PAYMENT_LINK,AUTO_EXECUTE,RECOVERED,284.00,ATTRIBUTED_INTERVENTION
285,pay_synth_20260825_285,evt_synth_20260825_285,netbanking,9642.23,"AUTHENTICATION_ERROR",0.82,true,false,DISPATCH_PAYMENT_LINK,RECOVERED,CREATE_PAYMENT_LINK,AUTO_EXECUTE,RECOVERED,7688.00,ATTRIBUTED_INTERVENTION
286,pay_synth_20260825_286,evt_synth_20260825_286,card,80.71,"GATEWAY_ERROR",0.76,true,false,NO_ACTION,UNRECOVERED,CREATE_PAYMENT_LINK,AUTO_EXECUTE,LINK_EXPIRED_UNPAID,54.00,NONE
287,pay_synth_20260825_287,evt_synth_20260825_287,upi,3363.96,"UPI_APP_TIMEOUT",0.62,true,false,DISPATCH_PAYMENT_LINK,RECOVERED,CREATE_PAYMENT_LINK,AUTO_EXECUTE,RECOVERED,2371.00,ATTRIBUTED_INTERVENTION
288,pay_synth_20260825_288,evt_synth_20260825_288,card,851.36,"CHECKOUT_ABANDONMENT",0.54,true,false,NO_ACTION,UNRECOVERED,CREATE_PAYMENT_LINK,AUTO_EXECUTE,LINK_EXPIRED_UNPAID,401.00,NONE
289,pay_synth_20260825_289,evt_synth_20260825_289,netbanking,1836.11,"GATEWAY_ERROR",0.86,true,false,DISPATCH_PAYMENT_LINK,RECOVERED,CREATE_PAYMENT_LINK,AUTO_EXECUTE,RECOVERED,1354.00,ATTRIBUTED_INTERVENTION
290,pay_synth_20260825_290,evt_synth_20260825_290,upi,1551.72,"GATEWAY_ERROR",0.54,true,false,DISPATCH_PAYMENT_LINK,UNRECOVERED,CREATE_PAYMENT_LINK,AUTO_EXECUTE,LINK_EXPIRED_UNPAID,1144.00,NONE
291,pay_synth_20260825_291,evt_synth_20260825_291,upi,2084.42,"BANK_TIMEOUT",0.75,true,false,DISPATCH_PAYMENT_LINK,RECOVERED,CREATE_PAYMENT_LINK,AUTO_EXECUTE,RECOVERED,1610.00,ATTRIBUTED_INTERVENTION
292,pay_synth_20260825_292,evt_synth_20260825_292,upi,3392.55,"GATEWAY_ERROR",0.39,true,false,DISPATCH_PAYMENT_LINK,SPAM_FATIGUE_PENALTY,CREATE_PAYMENT_LINK,AUTO_EXECUTE,RECOVERED,2508.00,ATTRIBUTED_INTERVENTION
293,pay_synth_20260825_293,evt_synth_20260825_293,upi,18004.28,"GATEWAY_ERROR",0.77,false,false,DISPATCH_PAYMENT_LINK,SPAM_FATIGUE_PENALTY,CREATE_PAYMENT_LINK,AUTO_EXECUTE,RECOVERED,13335.00,ATTRIBUTED_INTERVENTION
294,pay_synth_20260825_294,evt_synth_20260825_294,upi,1193.42,"BANK_TIMEOUT",0.67,true,false,DISPATCH_PAYMENT_LINK,UNRECOVERED,CREATE_PAYMENT_LINK,AUTO_EXECUTE,LINK_EXPIRED_UNPAID,919.00,NONE
295,pay_synth_20260825_295,evt_synth_20260825_295,netbanking,1527.63,"GATEWAY_ERROR",0.94,true,false,DISPATCH_PAYMENT_LINK,UNRECOVERED,CREATE_PAYMENT_LINK,AUTO_EXECUTE,LINK_EXPIRED_UNPAID,1126.00,NONE
296,pay_synth_20260825_296,evt_synth_20260825_296,card,10347.11,"AUTHENTICATION_ERROR",0.85,true,false,DISPATCH_PAYMENT_LINK,UNRECOVERED,CREATE_PAYMENT_LINK,AUTO_EXECUTE,LINK_EXPIRED_UNPAID,8251.00,NONE
297,pay_synth_20260825_297,evt_synth_20260825_297,netbanking,17540.48,"BANK_TIMEOUT",0.62,false,false,DISPATCH_PAYMENT_LINK,SPAM_FATIGUE_PENALTY,CREATE_PAYMENT_LINK,AUTO_EXECUTE,LINK_EXPIRED_UNPAID,13591.00,NONE
298,pay_synth_20260825_298,evt_synth_20260825_298,card,1688.91,"BAD_REQUEST",0.31,true,false,NO_ACTION,UNRECOVERED,CREATE_PAYMENT_LINK,AUTO_EXECUTE,LINK_EXPIRED_UNPAID,956.00,NONE
299,pay_synth_20260825_299,evt_synth_20260825_299,card,474.73,"UPI_APP_TIMEOUT",0.38,true,false,NO_ACTION,UNRECOVERED,CREATE_PAYMENT_LINK,AUTO_EXECUTE,RECOVERED,329.00,ATTRIBUTED_INTERVENTION
300,pay_synth_20260825_300,evt_synth_20260825_300,upi,562.91,"BANK_TIMEOUT",0.57,true,false,NO_ACTION,UNRECOVERED,CREATE_PAYMENT_LINK,AUTO_EXECUTE,RECOVERED,430.00,ATTRIBUTED_INTERVENTION
301,pay_synth_20260825_301,evt_synth_20260825_301,netbanking,3383.77,"BAD_REQUEST",0.54,true,false,NO_ACTION,UNRECOVERED,CREATE_PAYMENT_LINK,AUTO_EXECUTE,LINK_EXPIRED_UNPAID,1922.00,NONE
302,pay_synth_20260825_302,evt_synth_20260825_302,card,10083.55,"BAD_REQUEST",0.53,true,false,NO_ACTION,UNRECOVERED,CREATE_PAYMENT_LINK,AUTO_EXECUTE,LINK_EXPIRED_UNPAID,5741.00,NONE
303,pay_synth_20260825_303,evt_synth_20260825_303,upi,10491.01,"BANK_TIMEOUT",0.62,true,false,DISPATCH_PAYMENT_LINK,UNRECOVERED,CREATE_PAYMENT_LINK,AUTO_EXECUTE,LINK_EXPIRED_UNPAID,8126.00,NONE
304,pay_synth_20260825_304,evt_synth_20260825_304,upi,13621.74,"AUTHENTICATION_ERROR",0.61,true,false,DISPATCH_PAYMENT_LINK,UNRECOVERED,CREATE_PAYMENT_LINK,AUTO_EXECUTE,LINK_EXPIRED_UNPAID,10864.00,NONE
305,pay_synth_20260825_305,evt_synth_20260825_305,upi,310.70,"GATEWAY_ERROR",0.65,true,false,NO_ACTION,UNRECOVERED,CREATE_PAYMENT_LINK,AUTO_EXECUTE,RECOVERED,224.00,ATTRIBUTED_INTERVENTION
306,pay_synth_20260825_306,evt_synth_20260825_306,card,446.16,"UPI_APP_TIMEOUT",0.38,true,false,NO_ACTION,UNRECOVERED,CREATE_PAYMENT_LINK,AUTO_EXECUTE,LINK_EXPIRED_UNPAID,309.00,NONE
307,pay_synth_20260825_307,evt_synth_20260825_307,card,1770.00,"AUTHENTICATION_ERROR",0.37,true,false,DISPATCH_PAYMENT_LINK,SPAM_FATIGUE_PENALTY,CREATE_PAYMENT_LINK,AUTO_EXECUTE,RECOVERED,1406.00,ATTRIBUTED_INTERVENTION
308,pay_synth_20260825_308,evt_synth_20260825_308,card,18393.65,"BAD_REQUEST",0.66,true,false,NO_ACTION,UNRECOVERED,CREATE_PAYMENT_LINK,AUTO_EXECUTE,LINK_EXPIRED_UNPAID,10478.00,NONE
309,pay_synth_20260825_309,evt_synth_20260825_309,netbanking,944.10,"UPI_APP_TIMEOUT",0.38,true,false,NO_ACTION,UNRECOVERED,CREATE_PAYMENT_LINK,AUTO_EXECUTE,RECOVERED,661.00,ATTRIBUTED_INTERVENTION
310,pay_synth_20260825_310,evt_synth_20260825_310,upi,1843.96,"BAD_REQUEST",0.69,true,false,NO_ACTION,UNRECOVERED,CREATE_PAYMENT_LINK,AUTO_EXECUTE,RECOVERED,1045.00,ATTRIBUTED_INTERVENTION
311,pay_synth_20260825_311,evt_synth_20260825_311,netbanking,12494.70,"UPI_APP_TIMEOUT",0.74,true,false,DISPATCH_PAYMENT_LINK,RECOVERED,CREATE_PAYMENT_LINK,AUTO_EXECUTE,RECOVERED,8825.00,ATTRIBUTED_INTERVENTION
312,pay_synth_20260825_312,evt_synth_20260825_312,netbanking,1116.45,"AUTHENTICATION_ERROR",0.37,false,false,DISPATCH_PAYMENT_LINK,SPAM_FATIGUE_PENALTY,CREATE_PAYMENT_LINK,AUTO_EXECUTE,RECOVERED,885.00,ATTRIBUTED_INTERVENTION
313,pay_synth_20260825_313,evt_synth_20260825_313,card,599.85,"UPI_APP_TIMEOUT",0.31,true,false,NO_ACTION,UNRECOVERED,CREATE_PAYMENT_LINK,AUTO_EXECUTE,RECOVERED,418.00,ATTRIBUTED_INTERVENTION
314,pay_synth_20260825_314,evt_synth_20260825_314,card,2848.31,"BANK_TIMEOUT",0.87,true,false,DISPATCH_PAYMENT_LINK,RECOVERED,CREATE_PAYMENT_LINK,AUTO_EXECUTE,RECOVERED,2202.00,ATTRIBUTED_INTERVENTION
315,pay_synth_20260825_315,evt_synth_20260825_315,card,8132.45,"GATEWAY_ERROR",0.93,true,false,DISPATCH_PAYMENT_LINK,UNRECOVERED,CREATE_PAYMENT_LINK,AUTO_EXECUTE,LINK_EXPIRED_UNPAID,6020.00,NONE
316,pay_synth_20260825_316,evt_synth_20260825_316,netbanking,1454.26,"AUTHENTICATION_ERROR",0.63,true,false,DISPATCH_PAYMENT_LINK,RECOVERED,CREATE_PAYMENT_LINK,AUTO_EXECUTE,RECOVERED,1154.00,ATTRIBUTED_INTERVENTION
317,pay_synth_20260825_317,evt_synth_20260825_317,netbanking,2855.32,"GATEWAY_ERROR",0.70,true,false,DISPATCH_PAYMENT_LINK,UNRECOVERED,CREATE_PAYMENT_LINK,AUTO_EXECUTE,LINK_EXPIRED_UNPAID,2109.00,NONE
318,pay_synth_20260825_318,evt_synth_20260825_318,card,3252.66,"GATEWAY_ERROR",0.83,true,false,DISPATCH_PAYMENT_LINK,RECOVERED,CREATE_PAYMENT_LINK,AUTO_EXECUTE,RECOVERED,2404.00,ATTRIBUTED_INTERVENTION
319,pay_synth_20260825_319,evt_synth_20260825_319,upi,8779.63,"GATEWAY_ERROR",0.53,true,false,DISPATCH_PAYMENT_LINK,RECOVERED,CREATE_PAYMENT_LINK,AUTO_EXECUTE,RECOVERED,6499.00,ATTRIBUTED_INTERVENTION
320,pay_synth_20260825_320,evt_synth_20260825_320,netbanking,1131.17,"BAD_REQUEST",0.91,false,false,NO_ACTION,UNRECOVERED,CREATE_PAYMENT_LINK,AUTO_EXECUTE,LINK_EXPIRED_UNPAID,638.00,NONE
321,pay_synth_20260825_321,evt_synth_20260825_321,card,17074.50,"GATEWAY_ERROR",0.38,false,false,DISPATCH_PAYMENT_LINK,SPAM_FATIGUE_PENALTY,CREATE_PAYMENT_LINK,AUTO_EXECUTE,RECOVERED,12646.00,ATTRIBUTED_INTERVENTION
322,pay_synth_20260825_322,evt_synth_20260825_322,card,1684.43,"BANK_TIMEOUT",0.51,true,false,DISPATCH_PAYMENT_LINK,UNRECOVERED,CREATE_PAYMENT_LINK,AUTO_EXECUTE,LINK_EXPIRED_UNPAID,1299.00,NONE
323,pay_synth_20260825_323,evt_synth_20260825_323,netbanking,4392.76,"CHECKOUT_ABANDONMENT",0.78,false,false,DISPATCH_PAYMENT_LINK,SPAM_FATIGUE_PENALTY,CREATE_PAYMENT_LINK,AUTO_EXECUTE,RECOVERED,2097.00,ATTRIBUTED_INTERVENTION
324,pay_synth_20260825_324,evt_synth_20260825_324,netbanking,1150.05,"GATEWAY_ERROR",0.45,true,false,DISPATCH_PAYMENT_LINK,RECOVERED,CREATE_PAYMENT_LINK,AUTO_EXECUTE,RECOVERED,846.00,ATTRIBUTED_INTERVENTION
325,pay_synth_20260825_325,evt_synth_20260825_325,netbanking,3133.72,"AUTHENTICATION_ERROR",0.44,true,false,DISPATCH_PAYMENT_LINK,UNRECOVERED,CREATE_PAYMENT_LINK,AUTO_EXECUTE,LINK_EXPIRED_UNPAID,2494.00,NONE
326,pay_synth_20260825_326,evt_synth_20260825_326,card,2641.97,"AUTHENTICATION_ERROR",0.37,true,false,DISPATCH_PAYMENT_LINK,SPAM_FATIGUE_PENALTY,CREATE_PAYMENT_LINK,AUTO_EXECUTE,LINK_EXPIRED_UNPAID,2102.00,NONE
327,pay_synth_20260825_327,evt_synth_20260825_327,upi,546.93,"CHECKOUT_ABANDONMENT",0.60,true,false,NO_ACTION,UNRECOVERED,CREATE_PAYMENT_LINK,AUTO_EXECUTE,RECOVERED,256.00,ATTRIBUTED_INTERVENTION
328,pay_synth_20260825_328,evt_synth_20260825_328,card,3033.94,"CHECKOUT_ABANDONMENT",0.84,true,false,DISPATCH_PAYMENT_LINK,UNRECOVERED,CREATE_PAYMENT_LINK,AUTO_EXECUTE,LINK_EXPIRED_UNPAID,1446.00,NONE
329,pay_synth_20260825_329,evt_synth_20260825_329,upi,4830.17,"BAD_REQUEST",0.84,true,false,NO_ACTION,UNRECOVERED,CREATE_PAYMENT_LINK,AUTO_EXECUTE,RECOVERED,2747.00,ATTRIBUTED_INTERVENTION
330,pay_synth_20260825_330,evt_synth_20260825_330,card,482.30,"GATEWAY_ERROR",0.62,true,false,NO_ACTION,UNRECOVERED,CREATE_PAYMENT_LINK,AUTO_EXECUTE,LINK_EXPIRED_UNPAID,351.00,NONE
331,pay_synth_20260825_331,evt_synth_20260825_331,netbanking,83.64,"CHECKOUT_ABANDONMENT",0.52,true,false,NO_ACTION,UNRECOVERED,CREATE_PAYMENT_LINK,AUTO_EXECUTE,RECOVERED,34.00,ATTRIBUTED_INTERVENTION
332,pay_synth_20260825_332,evt_synth_20260825_332,netbanking,830.13,"BAD_REQUEST",0.64,true,false,NO_ACTION,UNRECOVERED,CREATE_PAYMENT_LINK,AUTO_EXECUTE,LINK_EXPIRED_UNPAID,467.00,NONE
333,pay_synth_20260825_333,evt_synth_20260825_333,upi,845.44,"BANK_TIMEOUT",0.62,true,false,NO_ACTION,UNRECOVERED,CREATE_PAYMENT_LINK,AUTO_EXECUTE,RECOVERED,649.00,ATTRIBUTED_INTERVENTION
334,pay_synth_20260825_334,evt_synth_20260825_334,card,10011.18,"UPI_APP_TIMEOUT",0.59,true,false,DISPATCH_PAYMENT_LINK,UNRECOVERED,CREATE_PAYMENT_LINK,AUTO_EXECUTE,LINK_EXPIRED_UNPAID,7070.00,NONE
335,pay_synth_20260825_335,evt_synth_20260825_335,card,1216.68,"UPI_APP_TIMEOUT",0.86,true,false,DISPATCH_PAYMENT_LINK,RECOVERED,CREATE_PAYMENT_LINK,AUTO_EXECUTE,RECOVERED,854.00,ATTRIBUTED_INTERVENTION
336,pay_synth_20260825_336,evt_synth_20260825_336,netbanking,1343.50,"CHECKOUT_ABANDONMENT",0.66,true,false,DISPATCH_PAYMENT_LINK,UNRECOVERED,CREATE_PAYMENT_LINK,AUTO_EXECUTE,LINK_EXPIRED_UNPAID,637.00,NONE
337,pay_synth_20260825_337,evt_synth_20260825_337,card,907.72,"AUTHENTICATION_ERROR",0.31,true,false,NO_ACTION,UNRECOVERED,CREATE_PAYMENT_LINK,AUTO_EXECUTE,LINK_EXPIRED_UNPAID,718.00,NONE
338,pay_synth_20260825_338,evt_synth_20260825_338,upi,959.31,"AUTHENTICATION_ERROR",0.33,true,false,NO_ACTION,UNRECOVERED,CREATE_PAYMENT_LINK,AUTO_EXECUTE,RECOVERED,759.00,ATTRIBUTED_INTERVENTION
339,pay_synth_20260825_339,evt_synth_20260825_339,upi,5828.52,"CHECKOUT_ABANDONMENT",0.38,true,false,DISPATCH_PAYMENT_LINK,SPAM_FATIGUE_PENALTY,CREATE_PAYMENT_LINK,AUTO_EXECUTE,LINK_EXPIRED_UNPAID,2784.00,NONE
340,pay_synth_20260825_340,evt_synth_20260825_340,netbanking,3422.22,"CHECKOUT_ABANDONMENT",0.95,true,false,DISPATCH_PAYMENT_LINK,RECOVERED,CREATE_PAYMENT_LINK,AUTO_EXECUTE,RECOVERED,1632.00,ATTRIBUTED_INTERVENTION
341,pay_synth_20260825_341,evt_synth_20260825_341,card,12880.14,"GATEWAY_ERROR",0.63,true,false,DISPATCH_PAYMENT_LINK,UNRECOVERED,CREATE_PAYMENT_LINK,AUTO_EXECUTE,LINK_EXPIRED_UNPAID,9538.00,NONE
342,pay_synth_20260825_342,evt_synth_20260825_342,upi,255.89,"BANK_TIMEOUT",0.68,true,false,NO_ACTION,UNRECOVERED,CREATE_PAYMENT_LINK,AUTO_EXECUTE,LINK_EXPIRED_UNPAID,192.00,NONE
343,pay_synth_20260825_343,evt_synth_20260825_343,netbanking,16113.74,"BANK_TIMEOUT",0.64,true,false,DISPATCH_PAYMENT_LINK,UNRECOVERED,CREATE_PAYMENT_LINK,AUTO_EXECUTE,LINK_EXPIRED_UNPAID,12485.00,NONE
344,pay_synth_20260825_344,evt_synth_20260825_344,upi,18807.41,"GATEWAY_ERROR",0.74,true,false,DISPATCH_PAYMENT_LINK,UNRECOVERED,CREATE_PAYMENT_LINK,AUTO_EXECUTE,LINK_EXPIRED_UNPAID,13930.00,NONE
345,pay_synth_20260825_345,evt_synth_20260825_345,card,8953.38,"AUTHENTICATION_ERROR",0.86,true,false,DISPATCH_PAYMENT_LINK,UNRECOVERED,CREATE_PAYMENT_LINK,AUTO_EXECUTE,LINK_EXPIRED_UNPAID,7139.00,NONE
346,pay_synth_20260825_346,evt_synth_20260825_346,upi,10813.77,"BANK_TIMEOUT",0.35,true,false,DISPATCH_PAYMENT_LINK,SPAM_FATIGUE_PENALTY,CREATE_PAYMENT_LINK,AUTO_EXECUTE,LINK_EXPIRED_UNPAID,8377.00,NONE
347,pay_synth_20260825_347,evt_synth_20260825_347,card,3258.15,"CHECKOUT_ABANDONMENT",0.77,true,false,DISPATCH_PAYMENT_LINK,UNRECOVERED,CREATE_PAYMENT_LINK,AUTO_EXECUTE,LINK_EXPIRED_UNPAID,1554.00,NONE
348,pay_synth_20260825_348,evt_synth_20260825_348,netbanking,2044.54,"CHECKOUT_ABANDONMENT",0.94,true,false,DISPATCH_PAYMENT_LINK,RECOVERED,CREATE_PAYMENT_LINK,AUTO_EXECUTE,RECOVERED,973.00,ATTRIBUTED_INTERVENTION
349,pay_synth_20260825_349,evt_synth_20260825_349,netbanking,1748.15,"GATEWAY_ERROR",0.84,true,false,DISPATCH_PAYMENT_LINK,RECOVERED,CREATE_PAYMENT_LINK,AUTO_EXECUTE,RECOVERED,1289.00,ATTRIBUTED_INTERVENTION
350,pay_synth_20260825_350,evt_synth_20260825_350,upi,1356.26,"BAD_REQUEST",0.93,true,false,NO_ACTION,UNRECOVERED,CREATE_PAYMENT_LINK,AUTO_EXECUTE,LINK_EXPIRED_UNPAID,767.00,NONE
351,pay_synth_20260825_351,evt_synth_20260825_351,card,12093.83,"AUTHENTICATION_ERROR",0.92,true,false,DISPATCH_PAYMENT_LINK,UNRECOVERED,CREATE_PAYMENT_LINK,AUTO_EXECUTE,LINK_EXPIRED_UNPAID,9645.00,NONE
352,pay_synth_20260825_352,evt_synth_20260825_352,upi,1277.63,"BAD_REQUEST",0.67,true,false,NO_ACTION,UNRECOVERED,CREATE_PAYMENT_LINK,AUTO_EXECUTE,LINK_EXPIRED_UNPAID,722.00,NONE
353,pay_synth_20260825_353,evt_synth_20260825_353,card,29892.18,"AUTHENTICATION_ERROR",0.59,true,false,DISPATCH_PAYMENT_LINK,RECOVERED,ESCALATE_TO_OPS,ESCALATE_HUMAN,PENDING_HUMAN_OPS,23848.00,NONE
354,pay_synth_20260825_354,evt_synth_20260825_354,upi,2046.78,"UPI_APP_TIMEOUT",0.52,true,false,DISPATCH_PAYMENT_LINK,RECOVERED,CREATE_PAYMENT_LINK,AUTO_EXECUTE,RECOVERED,1440.00,ATTRIBUTED_INTERVENTION
355,pay_synth_20260825_355,evt_synth_20260825_355,card,2182.76,"BANK_TIMEOUT",0.82,true,false,DISPATCH_PAYMENT_LINK,RECOVERED,CREATE_PAYMENT_LINK,AUTO_EXECUTE,RECOVERED,1686.00,ATTRIBUTED_INTERVENTION
356,pay_synth_20260825_356,evt_synth_20260825_356,upi,470.10,"BAD_REQUEST",0.54,true,false,NO_ACTION,UNRECOVERED,CREATE_PAYMENT_LINK,AUTO_EXECUTE,LINK_EXPIRED_UNPAID,262.00,NONE
357,pay_synth_20260825_357,evt_synth_20260825_357,netbanking,2233.75,"BAD_REQUEST",0.36,true,false,NO_ACTION,UNRECOVERED,CREATE_PAYMENT_LINK,AUTO_EXECUTE,RECOVERED,1267.00,ATTRIBUTED_INTERVENTION
358,pay_synth_20260825_358,evt_synth_20260825_358,netbanking,1745.87,"CHECKOUT_ABANDONMENT",0.59,true,false,DISPATCH_PAYMENT_LINK,UNRECOVERED,CREATE_PAYMENT_LINK,AUTO_EXECUTE,LINK_EXPIRED_UNPAID,830.00,NONE
359,pay_synth_20260825_359,evt_synth_20260825_359,upi,2178.15,"UPI_APP_TIMEOUT",0.42,true,false,DISPATCH_PAYMENT_LINK,RECOVERED,CREATE_PAYMENT_LINK,AUTO_EXECUTE,RECOVERED,1533.00,ATTRIBUTED_INTERVENTION
360,pay_synth_20260825_360,evt_synth_20260825_360,upi,3307.69,"AUTHENTICATION_ERROR",0.82,true,false,DISPATCH_PAYMENT_LINK,UNRECOVERED,CREATE_PAYMENT_LINK,AUTO_EXECUTE,LINK_EXPIRED_UNPAID,2633.00,NONE
361,pay_synth_20260825_361,evt_synth_20260825_361,upi,72.19,"BAD_REQUEST",0.66,true,false,NO_ACTION,UNRECOVERED,CREATE_PAYMENT_LINK,AUTO_EXECUTE,LINK_EXPIRED_UNPAID,35.00,NONE
362,pay_synth_20260825_362,evt_synth_20260825_362,card,2133.43,"CHECKOUT_ABANDONMENT",0.67,true,false,DISPATCH_PAYMENT_LINK,UNRECOVERED,CREATE_PAYMENT_LINK,AUTO_EXECUTE,LINK_EXPIRED_UNPAID,1015.00,NONE
363,pay_synth_20260825_363,evt_synth_20260825_363,netbanking,3339.68,"UPI_APP_TIMEOUT",0.61,false,false,DISPATCH_PAYMENT_LINK,SPAM_FATIGUE_PENALTY,CREATE_PAYMENT_LINK,AUTO_EXECUTE,RECOVERED,2354.00,ATTRIBUTED_INTERVENTION
364,pay_synth_20260825_364,evt_synth_20260825_364,netbanking,1621.97,"BAD_REQUEST",0.35,true,false,NO_ACTION,UNRECOVERED,CREATE_PAYMENT_LINK,AUTO_EXECUTE,LINK_EXPIRED_UNPAID,918.00,NONE
365,pay_synth_20260825_365,evt_synth_20260825_365,card,6597.55,"BANK_TIMEOUT",0.32,true,false,DISPATCH_PAYMENT_LINK,SPAM_FATIGUE_PENALTY,CREATE_PAYMENT_LINK,AUTO_EXECUTE,LINK_EXPIRED_UNPAID,5108.00,NONE
366,pay_synth_20260825_366,evt_synth_20260825_366,upi,2843.49,"GATEWAY_ERROR",0.67,true,false,DISPATCH_PAYMENT_LINK,UNRECOVERED,CREATE_PAYMENT_LINK,AUTO_EXECUTE,LINK_EXPIRED_UNPAID,2101.00,NONE
367,pay_synth_20260825_367,evt_synth_20260825_367,upi,3480.88,"UPI_APP_TIMEOUT",0.36,true,false,DISPATCH_PAYMENT_LINK,SPAM_FATIGUE_PENALTY,CREATE_PAYMENT_LINK,AUTO_EXECUTE,RECOVERED,2454.00,ATTRIBUTED_INTERVENTION
368,pay_synth_20260825_368,evt_synth_20260825_368,card,2525.09,"BANK_TIMEOUT",0.65,true,false,DISPATCH_PAYMENT_LINK,RECOVERED,CREATE_PAYMENT_LINK,AUTO_EXECUTE,RECOVERED,1951.00,ATTRIBUTED_INTERVENTION
369,pay_synth_20260825_369,evt_synth_20260825_369,upi,2292.75,"AUTHENTICATION_ERROR",0.48,true,false,DISPATCH_PAYMENT_LINK,RECOVERED,CREATE_PAYMENT_LINK,AUTO_EXECUTE,RECOVERED,1823.00,ATTRIBUTED_INTERVENTION
370,pay_synth_20260825_370,evt_synth_20260825_370,netbanking,2675.18,"UPI_APP_TIMEOUT",0.59,true,false,DISPATCH_PAYMENT_LINK,UNRECOVERED,CREATE_PAYMENT_LINK,AUTO_EXECUTE,LINK_EXPIRED_UNPAID,1885.00,NONE
371,pay_synth_20260825_371,evt_synth_20260825_371,netbanking,92453.70,"UPI_APP_TIMEOUT",0.41,true,false,DISPATCH_PAYMENT_LINK,UNRECOVERED,ESCALATE_TO_OPS,ESCALATE_HUMAN,PENDING_HUMAN_OPS,65340.00,NONE
372,pay_synth_20260825_372,evt_synth_20260825_372,card,3096.70,"AUTHENTICATION_ERROR",0.37,true,false,DISPATCH_PAYMENT_LINK,SPAM_FATIGUE_PENALTY,CREATE_PAYMENT_LINK,AUTO_EXECUTE,RECOVERED,2465.00,ATTRIBUTED_INTERVENTION
373,pay_synth_20260825_373,evt_synth_20260825_373,card,8716.33,"AUTHENTICATION_ERROR",0.34,true,false,DISPATCH_PAYMENT_LINK,SPAM_FATIGUE_PENALTY,CREATE_PAYMENT_LINK,AUTO_EXECUTE,LINK_EXPIRED_UNPAID,6949.00,NONE
374,pay_synth_20260825_374,evt_synth_20260825_374,netbanking,72888.82,"AUTHENTICATION_ERROR",0.67,true,false,DISPATCH_PAYMENT_LINK,UNRECOVERED,ESCALATE_TO_OPS,ESCALATE_HUMAN,HUMAN_APPROVED_UNPAID,58159.00,NONE
375,pay_synth_20260825_375,evt_synth_20260825_375,card,11554.76,"BAD_REQUEST",0.67,true,false,NO_ACTION,UNRECOVERED,CREATE_PAYMENT_LINK,AUTO_EXECUTE,LINK_EXPIRED_UNPAID,6580.00,NONE
376,pay_synth_20260825_376,evt_synth_20260825_376,card,1623.64,"UPI_APP_TIMEOUT",0.87,true,false,DISPATCH_PAYMENT_LINK,RECOVERED,CREATE_PAYMENT_LINK,AUTO_EXECUTE,RECOVERED,1141.00,ATTRIBUTED_INTERVENTION
377,pay_synth_20260825_377,evt_synth_20260825_377,card,55625.16,"GATEWAY_ERROR",0.61,true,false,DISPATCH_PAYMENT_LINK,UNRECOVERED,ESCALATE_TO_OPS,ESCALATE_HUMAN,PENDING_HUMAN_OPS,41212.00,NONE
378,pay_synth_20260825_378,evt_synth_20260825_378,netbanking,677.49,"AUTHENTICATION_ERROR",0.58,true,false,NO_ACTION,UNRECOVERED,CREATE_PAYMENT_LINK,AUTO_EXECUTE,RECOVERED,534.00,ATTRIBUTED_INTERVENTION
379,pay_synth_20260825_379,evt_synth_20260825_379,upi,2372.42,"BANK_TIMEOUT",0.76,true,false,DISPATCH_PAYMENT_LINK,UNRECOVERED,CREATE_PAYMENT_LINK,AUTO_EXECUTE,LINK_EXPIRED_UNPAID,1833.00,NONE
380,pay_synth_20260825_380,evt_synth_20260825_380,upi,1552.47,"GATEWAY_ERROR",0.84,true,false,DISPATCH_PAYMENT_LINK,RECOVERED,CREATE_PAYMENT_LINK,AUTO_EXECUTE,RECOVERED,1144.00,ATTRIBUTED_INTERVENTION
381,pay_synth_20260825_381,evt_synth_20260825_381,netbanking,2124.43,"BAD_REQUEST",0.35,true,false,NO_ACTION,UNRECOVERED,CREATE_PAYMENT_LINK,AUTO_EXECUTE,LINK_EXPIRED_UNPAID,1205.00,NONE
382,pay_synth_20260825_382,evt_synth_20260825_382,card,1257.51,"BANK_TIMEOUT",0.77,true,false,DISPATCH_PAYMENT_LINK,RECOVERED,CREATE_PAYMENT_LINK,AUTO_EXECUTE,RECOVERED,969.00,ATTRIBUTED_INTERVENTION
383,pay_synth_20260825_383,evt_synth_20260825_383,upi,259.75,"AUTHENTICATION_ERROR",0.92,true,false,NO_ACTION,UNRECOVERED,CREATE_PAYMENT_LINK,AUTO_EXECUTE,RECOVERED,201.00,ATTRIBUTED_INTERVENTION
384,pay_synth_20260825_384,evt_synth_20260825_384,upi,19648.22,"GATEWAY_ERROR",0.53,true,false,DISPATCH_PAYMENT_LINK,RECOVERED,CREATE_PAYMENT_LINK,AUTO_EXECUTE,RECOVERED,14553.00,ATTRIBUTED_INTERVENTION
385,pay_synth_20260825_385,evt_synth_20260825_385,netbanking,1302.51,"BANK_TIMEOUT",0.88,true,false,DISPATCH_PAYMENT_LINK,UNRECOVERED,CREATE_PAYMENT_LINK,AUTO_EXECUTE,LINK_EXPIRED_UNPAID,1003.00,NONE
386,pay_synth_20260825_386,evt_synth_20260825_386,netbanking,867.24,"UPI_APP_TIMEOUT",0.44,true,false,NO_ACTION,UNRECOVERED,CREATE_PAYMENT_LINK,AUTO_EXECUTE,RECOVERED,607.00,ATTRIBUTED_INTERVENTION
387,pay_synth_20260825_387,evt_synth_20260825_387,card,80892.24,"BAD_REQUEST",0.91,true,false,NO_ACTION,UNRECOVERED,ESCALATE_TO_OPS,ESCALATE_HUMAN,PENDING_HUMAN_OPS,46102.00,NONE
388,pay_synth_20260825_388,evt_synth_20260825_388,card,2750.30,"BAD_REQUEST",0.36,true,false,NO_ACTION,UNRECOVERED,CREATE_PAYMENT_LINK,AUTO_EXECUTE,RECOVERED,1561.00,ATTRIBUTED_INTERVENTION
389,pay_synth_20260825_389,evt_synth_20260825_389,upi,3423.69,"BAD_REQUEST",0.76,true,false,NO_ACTION,UNRECOVERED,CREATE_PAYMENT_LINK,AUTO_EXECUTE,LINK_EXPIRED_UNPAID,1945.00,NONE
390,pay_synth_20260825_390,evt_synth_20260825_390,upi,2553.41,"BAD_REQUEST",0.86,true,false,NO_ACTION,UNRECOVERED,CREATE_PAYMENT_LINK,AUTO_EXECUTE,LINK_EXPIRED_UNPAID,1449.00,NONE
391,pay_synth_20260825_391,evt_synth_20260825_391,upi,50481.73,"BAD_REQUEST",0.50,true,false,NO_ACTION,UNRECOVERED,ESCALATE_TO_OPS,ESCALATE_HUMAN,PENDING_HUMAN_OPS,28768.00,NONE
392,pay_synth_20260825_392,evt_synth_20260825_392,netbanking,3138.15,"GATEWAY_ERROR",0.89,false,false,DISPATCH_PAYMENT_LINK,SPAM_FATIGUE_PENALTY,CREATE_PAYMENT_LINK,AUTO_EXECUTE,RECOVERED,2319.00,ATTRIBUTED_INTERVENTION
393,pay_synth_20260825_393,evt_synth_20260825_393,upi,10599.54,"GATEWAY_ERROR",0.53,true,false,DISPATCH_PAYMENT_LINK,RECOVERED,CREATE_PAYMENT_LINK,AUTO_EXECUTE,RECOVERED,7848.00,ATTRIBUTED_INTERVENTION
394,pay_synth_20260825_394,evt_synth_20260825_394,upi,1287.69,"CHECKOUT_ABANDONMENT",0.32,true,false,DISPATCH_PAYMENT_LINK,SPAM_FATIGUE_PENALTY,CREATE_PAYMENT_LINK,AUTO_EXECUTE,LINK_EXPIRED_UNPAID,610.00,NONE
395,pay_synth_20260825_395,evt_synth_20260825_395,netbanking,3326.99,"GATEWAY_ERROR",0.57,true,false,DISPATCH_PAYMENT_LINK,UNRECOVERED,CREATE_PAYMENT_LINK,AUTO_EXECUTE,LINK_EXPIRED_UNPAID,2459.00,NONE
396,pay_synth_20260825_396,evt_synth_20260825_396,upi,1573.84,"CHECKOUT_ABANDONMENT",0.41,true,false,DISPATCH_PAYMENT_LINK,UNRECOVERED,CREATE_PAYMENT_LINK,AUTO_EXECUTE,LINK_EXPIRED_UNPAID,747.00,NONE
397,pay_synth_20260825_397,evt_synth_20260825_397,card,1860.54,"BAD_REQUEST",0.62,true,false,NO_ACTION,UNRECOVERED,CREATE_PAYMENT_LINK,AUTO_EXECUTE,LINK_EXPIRED_UNPAID,1054.00,NONE
398,pay_synth_20260825_398,evt_synth_20260825_398,upi,2728.82,"CHECKOUT_ABANDONMENT",0.46,true,false,DISPATCH_PAYMENT_LINK,UNRECOVERED,CREATE_PAYMENT_LINK,AUTO_EXECUTE,LINK_EXPIRED_UNPAID,1300.00,NONE
399,pay_synth_20260825_399,evt_synth_20260825_399,card,2555.40,"AUTHENTICATION_ERROR",0.94,true,false,DISPATCH_PAYMENT_LINK,UNRECOVERED,CREATE_PAYMENT_LINK,AUTO_EXECUTE,LINK_EXPIRED_UNPAID,2033.00,NONE
400,pay_synth_20260825_400,evt_synth_20260825_400,upi,13588.35,"GATEWAY_ERROR",0.70,true,false,DISPATCH_PAYMENT_LINK,RECOVERED,CREATE_PAYMENT_LINK,AUTO_EXECUTE,RECOVERED,10063.00,ATTRIBUTED_INTERVENTION
401,pay_synth_20260825_401,evt_synth_20260825_401,netbanking,387.99,"CHECKOUT_ABANDONMENT",0.74,true,false,NO_ACTION,UNRECOVERED,CREATE_PAYMENT_LINK,AUTO_EXECUTE,LINK_EXPIRED_UNPAID,179.00,NONE
402,pay_synth_20260825_402,evt_synth_20260825_402,upi,1543.22,"CHECKOUT_ABANDONMENT",0.77,true,false,DISPATCH_PAYMENT_LINK,UNRECOVERED,CREATE_PAYMENT_LINK,AUTO_EXECUTE,LINK_EXPIRED_UNPAID,733.00,NONE
403,pay_synth_20260825_403,evt_synth_20260825_403,upi,3017.60,"AUTHENTICATION_ERROR",0.35,true,false,DISPATCH_PAYMENT_LINK,SPAM_FATIGUE_PENALTY,CREATE_PAYMENT_LINK,AUTO_EXECUTE,RECOVERED,2402.00,ATTRIBUTED_INTERVENTION
404,pay_synth_20260825_404,evt_synth_20260825_404,upi,928.68,"UPI_APP_TIMEOUT",0.92,true,false,NO_ACTION,UNRECOVERED,CREATE_PAYMENT_LINK,AUTO_EXECUTE,RECOVERED,650.00,ATTRIBUTED_INTERVENTION
405,pay_synth_20260825_405,evt_synth_20260825_405,upi,669.24,"UPI_APP_TIMEOUT",0.91,true,false,NO_ACTION,UNRECOVERED,CREATE_PAYMENT_LINK,AUTO_EXECUTE,RECOVERED,467.00,ATTRIBUTED_INTERVENTION
406,pay_synth_20260825_406,evt_synth_20260825_406,card,14130.59,"CHECKOUT_ABANDONMENT",0.64,true,false,DISPATCH_PAYMENT_LINK,RECOVERED,CREATE_PAYMENT_LINK,AUTO_EXECUTE,RECOVERED,6759.00,ATTRIBUTED_INTERVENTION
407,pay_synth_20260825_407,evt_synth_20260825_407,netbanking,2150.25,"CHECKOUT_ABANDONMENT",0.65,true,false,DISPATCH_PAYMENT_LINK,UNRECOVERED,CREATE_PAYMENT_LINK,AUTO_EXECUTE,LINK_EXPIRED_UNPAID,1023.00,NONE
408,pay_synth_20260825_408,evt_synth_20260825_408,card,2181.42,"CHECKOUT_ABANDONMENT",0.39,true,false,DISPATCH_PAYMENT_LINK,SPAM_FATIGUE_PENALTY,CREATE_PAYMENT_LINK,AUTO_EXECUTE,RECOVERED,1038.00,ATTRIBUTED_INTERVENTION
409,pay_synth_20260825_409,evt_synth_20260825_409,upi,17852.09,"BAD_REQUEST",0.78,true,false,NO_ACTION,UNRECOVERED,CREATE_PAYMENT_LINK,AUTO_EXECUTE,LINK_EXPIRED_UNPAID,10169.00,NONE
410,pay_synth_20260825_410,evt_synth_20260825_410,netbanking,1382.73,"BAD_REQUEST",0.34,true,false,NO_ACTION,UNRECOVERED,CREATE_PAYMENT_LINK,AUTO_EXECUTE,LINK_EXPIRED_UNPAID,782.00,NONE
411,pay_synth_20260825_411,evt_synth_20260825_411,upi,68484.78,"UPI_APP_TIMEOUT",0.63,false,false,DISPATCH_PAYMENT_LINK,SPAM_FATIGUE_PENALTY,ESCALATE_TO_OPS,ESCALATE_HUMAN,PENDING_HUMAN_OPS,48399.00,NONE
412,pay_synth_20260825_412,evt_synth_20260825_412,card,40158.60,"GATEWAY_ERROR",0.47,true,false,DISPATCH_PAYMENT_LINK,UNRECOVERED,ESCALATE_TO_OPS,ESCALATE_HUMAN,HUMAN_APPROVED_UNPAID,29751.00,NONE
413,pay_synth_20260825_413,evt_synth_20260825_413,upi,3236.99,"CHECKOUT_ABANDONMENT",0.42,true,false,DISPATCH_PAYMENT_LINK,RECOVERED,CREATE_PAYMENT_LINK,AUTO_EXECUTE,RECOVERED,1544.00,ATTRIBUTED_INTERVENTION
414,pay_synth_20260825_414,evt_synth_20260825_414,card,1296.59,"BANK_TIMEOUT",0.57,true,false,DISPATCH_PAYMENT_LINK,RECOVERED,CREATE_PAYMENT_LINK,AUTO_EXECUTE,RECOVERED,999.00,ATTRIBUTED_INTERVENTION
415,pay_synth_20260825_415,evt_synth_20260825_415,card,88436.27,"GATEWAY_ERROR",0.66,true,false,DISPATCH_PAYMENT_LINK,RECOVERED,ESCALATE_TO_OPS,ESCALATE_HUMAN,PENDING_HUMAN_OPS,65525.00,NONE
416,pay_synth_20260825_416,evt_synth_20260825_416,card,94739.15,"UPI_APP_TIMEOUT",0.73,true,false,DISPATCH_PAYMENT_LINK,RECOVERED,ESCALATE_TO_OPS,ESCALATE_HUMAN,HUMAN_APPROVED_RECOVERED,66955.00,ATTRIBUTED_INTERVENTION
417,pay_synth_20260825_417,evt_synth_20260825_417,upi,14497.32,"BAD_REQUEST",0.34,true,false,NO_ACTION,UNRECOVERED,CREATE_PAYMENT_LINK,AUTO_EXECUTE,LINK_EXPIRED_UNPAID,8257.00,NONE
418,pay_synth_20260825_418,evt_synth_20260825_418,netbanking,1892.06,"GATEWAY_ERROR",0.58,true,false,DISPATCH_PAYMENT_LINK,UNRECOVERED,CREATE_PAYMENT_LINK,AUTO_EXECUTE,LINK_EXPIRED_UNPAID,1396.00,NONE
419,pay_synth_20260825_419,evt_synth_20260825_419,upi,2436.43,"BANK_TIMEOUT",0.61,true,false,DISPATCH_PAYMENT_LINK,UNRECOVERED,CREATE_PAYMENT_LINK,AUTO_EXECUTE,LINK_EXPIRED_UNPAID,1882.00,NONE
420,pay_synth_20260825_420,evt_synth_20260825_420,card,16408.29,"GATEWAY_ERROR",0.82,true,false,DISPATCH_PAYMENT_LINK,RECOVERED,CREATE_PAYMENT_LINK,AUTO_EXECUTE,RECOVERED,12152.00,ATTRIBUTED_INTERVENTION
421,pay_synth_20260825_421,evt_synth_20260825_421,card,85423.25,"AUTHENTICATION_ERROR",0.49,true,false,DISPATCH_PAYMENT_LINK,RECOVERED,ESCALATE_TO_OPS,ESCALATE_HUMAN,PENDING_HUMAN_OPS,68161.00,NONE
422,pay_synth_20260825_422,evt_synth_20260825_422,netbanking,826.08,"BANK_TIMEOUT",0.85,true,false,NO_ACTION,UNRECOVERED,CREATE_PAYMENT_LINK,AUTO_EXECUTE,LINK_EXPIRED_UNPAID,634.00,NONE
423,pay_synth_20260825_423,evt_synth_20260825_423,upi,2046.79,"BAD_REQUEST",0.52,true,false,NO_ACTION,UNRECOVERED,CREATE_PAYMENT_LINK,AUTO_EXECUTE,LINK_EXPIRED_UNPAID,1160.00,NONE
424,pay_synth_20260825_424,evt_synth_20260825_424,upi,2250.12,"GATEWAY_ERROR",0.36,true,false,DISPATCH_PAYMENT_LINK,SPAM_FATIGUE_PENALTY,CREATE_PAYMENT_LINK,AUTO_EXECUTE,LINK_EXPIRED_UNPAID,1661.00,NONE
425,pay_synth_20260825_425,evt_synth_20260825_425,netbanking,881.42,"AUTHENTICATION_ERROR",0.84,true,false,NO_ACTION,UNRECOVERED,CREATE_PAYMENT_LINK,AUTO_EXECUTE,LINK_EXPIRED_UNPAID,697.00,NONE
426,pay_synth_20260825_426,evt_synth_20260825_426,netbanking,18987.08,"CHECKOUT_ABANDONMENT",0.49,true,false,DISPATCH_PAYMENT_LINK,UNRECOVERED,CREATE_PAYMENT_LINK,AUTO_EXECUTE,LINK_EXPIRED_UNPAID,9085.00,NONE
427,pay_synth_20260825_427,evt_synth_20260825_427,netbanking,1693.96,"BAD_REQUEST",0.90,true,false,NO_ACTION,UNRECOVERED,CREATE_PAYMENT_LINK,AUTO_EXECUTE,LINK_EXPIRED_UNPAID,959.00,NONE
428,pay_synth_20260825_428,evt_synth_20260825_428,card,1225.73,"GATEWAY_ERROR",0.53,true,false,DISPATCH_PAYMENT_LINK,RECOVERED,CREATE_PAYMENT_LINK,AUTO_EXECUTE,RECOVERED,902.00,ATTRIBUTED_INTERVENTION
429,pay_synth_20260825_429,evt_synth_20260825_429,card,1075.40,"BAD_REQUEST",0.80,true,false,NO_ACTION,UNRECOVERED,CREATE_PAYMENT_LINK,AUTO_EXECUTE,LINK_EXPIRED_UNPAID,607.00,NONE
430,pay_synth_20260825_430,evt_synth_20260825_430,upi,13113.85,"BAD_REQUEST",0.72,true,false,NO_ACTION,UNRECOVERED,CREATE_PAYMENT_LINK,AUTO_EXECUTE,LINK_EXPIRED_UNPAID,7469.00,NONE
431,pay_synth_20260825_431,evt_synth_20260825_431,upi,226.46,"AUTHENTICATION_ERROR",0.31,true,false,NO_ACTION,UNRECOVERED,CREATE_PAYMENT_LINK,AUTO_EXECUTE,RECOVERED,174.00,ATTRIBUTED_INTERVENTION
432,pay_synth_20260825_432,evt_synth_20260825_432,netbanking,8301.23,"UPI_APP_TIMEOUT",0.86,true,false,DISPATCH_PAYMENT_LINK,UNRECOVERED,CREATE_PAYMENT_LINK,AUTO_EXECUTE,LINK_EXPIRED_UNPAID,5861.00,NONE
433,pay_synth_20260825_433,evt_synth_20260825_433,netbanking,2282.12,"GATEWAY_ERROR",0.93,true,false,DISPATCH_PAYMENT_LINK,UNRECOVERED,CREATE_PAYMENT_LINK,AUTO_EXECUTE,LINK_EXPIRED_UNPAID,1685.00,NONE
434,pay_synth_20260825_434,evt_synth_20260825_434,upi,3439.61,"AUTHENTICATION_ERROR",0.63,true,false,DISPATCH_PAYMENT_LINK,UNRECOVERED,CREATE_PAYMENT_LINK,AUTO_EXECUTE,LINK_EXPIRED_UNPAID,2739.00,NONE
435,pay_synth_20260825_435,evt_synth_20260825_435,netbanking,2521.60,"UPI_APP_TIMEOUT",0.47,true,false,DISPATCH_PAYMENT_LINK,UNRECOVERED,CREATE_PAYMENT_LINK,AUTO_EXECUTE,LINK_EXPIRED_UNPAID,1776.00,NONE
436,pay_synth_20260825_436,evt_synth_20260825_436,upi,354.89,"BAD_REQUEST",0.38,true,false,NO_ACTION,UNRECOVERED,CREATE_PAYMENT_LINK,AUTO_EXECUTE,LINK_EXPIRED_UNPAID,196.00,NONE
437,pay_synth_20260825_437,evt_synth_20260825_437,upi,1266.03,"CHECKOUT_ABANDONMENT",0.50,true,false,DISPATCH_PAYMENT_LINK,UNRECOVERED,CREATE_PAYMENT_LINK,AUTO_EXECUTE,LINK_EXPIRED_UNPAID,600.00,NONE
438,pay_synth_20260825_438,evt_synth_20260825_438,netbanking,1203.74,"CHECKOUT_ABANDONMENT",0.60,true,false,DISPATCH_PAYMENT_LINK,UNRECOVERED,CREATE_PAYMENT_LINK,AUTO_EXECUTE,LINK_EXPIRED_UNPAID,570.00,NONE
439,pay_synth_20260825_439,evt_synth_20260825_439,upi,2121.18,"UPI_APP_TIMEOUT",0.49,true,false,DISPATCH_PAYMENT_LINK,UNRECOVERED,CREATE_PAYMENT_LINK,AUTO_EXECUTE,LINK_EXPIRED_UNPAID,1493.00,NONE
440,pay_synth_20260825_440,evt_synth_20260825_440,upi,3196.34,"UPI_APP_TIMEOUT",0.40,true,false,DISPATCH_PAYMENT_LINK,RECOVERED,CREATE_PAYMENT_LINK,AUTO_EXECUTE,RECOVERED,2253.00,ATTRIBUTED_INTERVENTION
441,pay_synth_20260825_441,evt_synth_20260825_441,upi,2436.20,"AUTHENTICATION_ERROR",0.50,true,false,DISPATCH_PAYMENT_LINK,UNRECOVERED,CREATE_PAYMENT_LINK,AUTO_EXECUTE,LINK_EXPIRED_UNPAID,1938.00,NONE
442,pay_synth_20260825_442,evt_synth_20260825_442,card,2540.91,"BANK_TIMEOUT",0.89,true,false,DISPATCH_PAYMENT_LINK,RECOVERED,CREATE_PAYMENT_LINK,AUTO_EXECUTE,RECOVERED,1963.00,ATTRIBUTED_INTERVENTION
443,pay_synth_20260825_443,evt_synth_20260825_443,upi,1963.59,"BAD_REQUEST",0.46,true,false,NO_ACTION,UNRECOVERED,CREATE_PAYMENT_LINK,AUTO_EXECUTE,LINK_EXPIRED_UNPAID,1113.00,NONE
444,pay_synth_20260825_444,evt_synth_20260825_444,upi,878.82,"BANK_TIMEOUT",0.57,true,false,NO_ACTION,UNRECOVERED,CREATE_PAYMENT_LINK,AUTO_EXECUTE,LINK_EXPIRED_UNPAID,675.00,NONE
445,pay_synth_20260825_445,evt_synth_20260825_445,card,2427.58,"BAD_REQUEST",0.62,true,false,NO_ACTION,UNRECOVERED,CREATE_PAYMENT_LINK,AUTO_EXECUTE,LINK_EXPIRED_UNPAID,1377.00,NONE
446,pay_synth_20260825_446,evt_synth_20260825_446,netbanking,2526.23,"CHECKOUT_ABANDONMENT",0.41,true,false,DISPATCH_PAYMENT_LINK,RECOVERED,CREATE_PAYMENT_LINK,AUTO_EXECUTE,RECOVERED,1203.00,ATTRIBUTED_INTERVENTION
447,pay_synth_20260825_447,evt_synth_20260825_447,card,13071.93,"BAD_REQUEST",0.35,true,false,NO_ACTION,UNRECOVERED,CREATE_PAYMENT_LINK,AUTO_EXECUTE,LINK_EXPIRED_UNPAID,7445.00,NONE
448,pay_synth_20260825_448,evt_synth_20260825_448,netbanking,2280.22,"AUTHENTICATION_ERROR",0.47,true,false,DISPATCH_PAYMENT_LINK,UNRECOVERED,CREATE_PAYMENT_LINK,AUTO_EXECUTE,LINK_EXPIRED_UNPAID,1813.00,NONE
449,pay_synth_20260825_449,evt_synth_20260825_449,netbanking,1013.14,"UPI_APP_TIMEOUT",0.76,true,false,DISPATCH_PAYMENT_LINK,RECOVERED,CREATE_PAYMENT_LINK,AUTO_EXECUTE,RECOVERED,710.00,ATTRIBUTED_INTERVENTION
450,pay_synth_20260825_450,evt_synth_20260825_450,netbanking,747.59,"CHECKOUT_ABANDONMENT",0.65,true,false,NO_ACTION,UNRECOVERED,CREATE_PAYMENT_LINK,AUTO_EXECUTE,LINK_EXPIRED_UNPAID,352.00,NONE
451,pay_synth_20260825_451,evt_synth_20260825_451,upi,425.22,"UPI_APP_TIMEOUT",0.67,true,false,NO_ACTION,UNRECOVERED,CREATE_PAYMENT_LINK,AUTO_EXECUTE,RECOVERED,294.00,ATTRIBUTED_INTERVENTION
452,pay_synth_20260825_452,evt_synth_20260825_452,netbanking,15712.84,"BAD_REQUEST",0.30,true,false,NO_ACTION,UNRECOVERED,CREATE_PAYMENT_LINK,AUTO_EXECUTE,LINK_EXPIRED_UNPAID,8950.00,NONE
453,pay_synth_20260825_453,evt_synth_20260825_453,card,1395.01,"CHECKOUT_ABANDONMENT",0.56,true,false,DISPATCH_PAYMENT_LINK,RECOVERED,CREATE_PAYMENT_LINK,AUTO_EXECUTE,RECOVERED,662.00,ATTRIBUTED_INTERVENTION
454,pay_synth_20260825_454,evt_synth_20260825_454,netbanking,1175.41,"GATEWAY_ERROR",0.80,true,false,DISPATCH_PAYMENT_LINK,RECOVERED,CREATE_PAYMENT_LINK,AUTO_EXECUTE,RECOVERED,865.00,ATTRIBUTED_INTERVENTION
455,pay_synth_20260825_455,evt_synth_20260825_455,upi,3191.98,"UPI_APP_TIMEOUT",0.85,true,false,DISPATCH_PAYMENT_LINK,RECOVERED,CREATE_PAYMENT_LINK,AUTO_EXECUTE,RECOVERED,2250.00,ATTRIBUTED_INTERVENTION
456,pay_synth_20260825_456,evt_synth_20260825_456,card,3418.18,"BAD_REQUEST",0.53,true,false,NO_ACTION,UNRECOVERED,CREATE_PAYMENT_LINK,AUTO_EXECUTE,LINK_EXPIRED_UNPAID,1942.00,NONE
457,pay_synth_20260825_457,evt_synth_20260825_457,card,55908.06,"BANK_TIMEOUT",0.85,true,false,DISPATCH_PAYMENT_LINK,RECOVERED,ESCALATE_TO_OPS,ESCALATE_HUMAN,PENDING_HUMAN_OPS,43334.00,NONE
458,pay_synth_20260825_458,evt_synth_20260825_458,card,2146.58,"UPI_APP_TIMEOUT",0.53,true,false,DISPATCH_PAYMENT_LINK,RECOVERED,CREATE_PAYMENT_LINK,AUTO_EXECUTE,RECOVERED,1511.00,ATTRIBUTED_INTERVENTION
459,pay_synth_20260825_459,evt_synth_20260825_459,upi,2113.23,"AUTHENTICATION_ERROR",0.89,true,false,DISPATCH_PAYMENT_LINK,RECOVERED,CREATE_PAYMENT_LINK,AUTO_EXECUTE,RECOVERED,1680.00,ATTRIBUTED_INTERVENTION
460,pay_synth_20260825_460,evt_synth_20260825_460,netbanking,1465.19,"CHECKOUT_ABANDONMENT",0.62,true,false,DISPATCH_PAYMENT_LINK,RECOVERED,CREATE_PAYMENT_LINK,AUTO_EXECUTE,RECOVERED,695.00,ATTRIBUTED_INTERVENTION
461,pay_synth_20260825_461,evt_synth_20260825_461,netbanking,656.63,"CHECKOUT_ABANDONMENT",0.88,true,false,NO_ACTION,UNRECOVERED,CREATE_PAYMENT_LINK,AUTO_EXECUTE,RECOVERED,308.00,ATTRIBUTED_INTERVENTION
462,pay_synth_20260825_462,evt_synth_20260825_462,upi,920.69,"GATEWAY_ERROR",0.89,true,false,NO_ACTION,UNRECOVERED,CREATE_PAYMENT_LINK,AUTO_EXECUTE,RECOVERED,676.00,ATTRIBUTED_INTERVENTION
463,pay_synth_20260825_463,evt_synth_20260825_463,netbanking,724.14,"AUTHENTICATION_ERROR",0.45,true,false,NO_ACTION,UNRECOVERED,CREATE_PAYMENT_LINK,AUTO_EXECUTE,RECOVERED,572.00,ATTRIBUTED_INTERVENTION
464,pay_synth_20260825_464,evt_synth_20260825_464,card,2502.06,"BAD_REQUEST",0.72,true,false,NO_ACTION,UNRECOVERED,CREATE_PAYMENT_LINK,AUTO_EXECUTE,LINK_EXPIRED_UNPAID,1420.00,NONE
465,pay_synth_20260825_465,evt_synth_20260825_465,netbanking,3074.69,"UPI_APP_TIMEOUT",0.78,true,false,DISPATCH_PAYMENT_LINK,RECOVERED,CREATE_PAYMENT_LINK,AUTO_EXECUTE,RECOVERED,2167.00,ATTRIBUTED_INTERVENTION
466,pay_synth_20260825_466,evt_synth_20260825_466,card,1442.18,"BANK_TIMEOUT",0.50,true,false,DISPATCH_PAYMENT_LINK,RECOVERED,CREATE_PAYMENT_LINK,AUTO_EXECUTE,RECOVERED,1112.00,ATTRIBUTED_INTERVENTION
467,pay_synth_20260825_467,evt_synth_20260825_467,netbanking,16223.61,"GATEWAY_ERROR",0.33,true,false,DISPATCH_PAYMENT_LINK,SPAM_FATIGUE_PENALTY,CREATE_PAYMENT_LINK,AUTO_EXECUTE,LINK_EXPIRED_UNPAID,12015.00,NONE
468,pay_synth_20260825_468,evt_synth_20260825_468,upi,2211.99,"GATEWAY_ERROR",0.75,true,false,DISPATCH_PAYMENT_LINK,UNRECOVERED,CREATE_PAYMENT_LINK,AUTO_EXECUTE,LINK_EXPIRED_UNPAID,1633.00,NONE
469,pay_synth_20260825_469,evt_synth_20260825_469,upi,662.41,"UPI_APP_TIMEOUT",0.36,true,false,NO_ACTION,UNRECOVERED,CREATE_PAYMENT_LINK,AUTO_EXECUTE,RECOVERED,462.00,ATTRIBUTED_INTERVENTION
470,pay_synth_20260825_470,evt_synth_20260825_470,netbanking,31.77,"BANK_TIMEOUT",0.84,false,false,NO_ACTION,UNRECOVERED,NO_ACTION,REJECT,SUPPRESSED_BY_POLICY,18.00,NONE
471,pay_synth_20260825_471,evt_synth_20260825_471,card,31302.28,"BANK_TIMEOUT",0.64,true,false,DISPATCH_PAYMENT_LINK,RECOVERED,ESCALATE_TO_OPS,ESCALATE_HUMAN,PENDING_HUMAN_OPS,24259.00,NONE
472,pay_synth_20260825_472,evt_synth_20260825_472,card,2652.65,"BAD_REQUEST",0.56,true,false,NO_ACTION,UNRECOVERED,CREATE_PAYMENT_LINK,AUTO_EXECUTE,LINK_EXPIRED_UNPAID,1506.00,NONE
473,pay_synth_20260825_473,evt_synth_20260825_473,card,6772.57,"AUTHENTICATION_ERROR",0.32,true,false,DISPATCH_PAYMENT_LINK,SPAM_FATIGUE_PENALTY,CREATE_PAYMENT_LINK,AUTO_EXECUTE,RECOVERED,5398.00,ATTRIBUTED_INTERVENTION
474,pay_synth_20260825_474,evt_synth_20260825_474,netbanking,3326.51,"CHECKOUT_ABANDONMENT",0.58,true,false,DISPATCH_PAYMENT_LINK,UNRECOVERED,CREATE_PAYMENT_LINK,AUTO_EXECUTE,LINK_EXPIRED_UNPAID,1586.00,NONE
475,pay_synth_20260825_475,evt_synth_20260825_475,netbanking,1795.00,"UPI_APP_TIMEOUT",0.51,true,false,DISPATCH_PAYMENT_LINK,RECOVERED,CREATE_PAYMENT_LINK,AUTO_EXECUTE,RECOVERED,1262.00,ATTRIBUTED_INTERVENTION
476,pay_synth_20260825_476,evt_synth_20260825_476,upi,944.02,"CHECKOUT_ABANDONMENT",0.85,true,false,NO_ACTION,UNRECOVERED,CREATE_PAYMENT_LINK,AUTO_EXECUTE,LINK_EXPIRED_UNPAID,446.00,NONE
477,pay_synth_20260825_477,evt_synth_20260825_477,upi,11352.97,"CHECKOUT_ABANDONMENT",0.58,true,false,DISPATCH_PAYMENT_LINK,RECOVERED,CREATE_PAYMENT_LINK,AUTO_EXECUTE,RECOVERED,5430.00,ATTRIBUTED_INTERVENTION
478,pay_synth_20260825_478,evt_synth_20260825_478,netbanking,2917.98,"BANK_TIMEOUT",0.83,true,false,DISPATCH_PAYMENT_LINK,RECOVERED,CREATE_PAYMENT_LINK,AUTO_EXECUTE,RECOVERED,2256.00,ATTRIBUTED_INTERVENTION
479,pay_synth_20260825_479,evt_synth_20260825_479,netbanking,277.35,"UPI_APP_TIMEOUT",0.68,true,false,NO_ACTION,UNRECOVERED,CREATE_PAYMENT_LINK,AUTO_EXECUTE,LINK_EXPIRED_UNPAID,190.00,NONE
480,pay_synth_20260825_480,evt_synth_20260825_480,netbanking,3326.20,"BAD_REQUEST",0.74,true,false,NO_ACTION,UNRECOVERED,CREATE_PAYMENT_LINK,AUTO_EXECUTE,LINK_EXPIRED_UNPAID,1890.00,NONE
481,pay_synth_20260825_481,evt_synth_20260825_481,upi,2827.81,"UPI_APP_TIMEOUT",0.50,true,false,DISPATCH_PAYMENT_LINK,RECOVERED,CREATE_PAYMENT_LINK,AUTO_EXECUTE,RECOVERED,1992.00,ATTRIBUTED_INTERVENTION
482,pay_synth_20260825_482,evt_synth_20260825_482,netbanking,889.18,"UPI_APP_TIMEOUT",0.81,true,false,NO_ACTION,UNRECOVERED,CREATE_PAYMENT_LINK,AUTO_EXECUTE,RECOVERED,622.00,ATTRIBUTED_INTERVENTION
483,pay_synth_20260825_483,evt_synth_20260825_483,card,843.62,"UPI_APP_TIMEOUT",0.66,true,false,NO_ACTION,UNRECOVERED,CREATE_PAYMENT_LINK,AUTO_EXECUTE,RECOVERED,590.00,ATTRIBUTED_INTERVENTION
484,pay_synth_20260825_484,evt_synth_20260825_484,netbanking,488.91,"BANK_TIMEOUT",0.92,true,false,NO_ACTION,UNRECOVERED,CREATE_PAYMENT_LINK,AUTO_EXECUTE,RECOVERED,373.00,ATTRIBUTED_INTERVENTION
485,pay_synth_20260825_485,evt_synth_20260825_485,card,648.83,"BANK_TIMEOUT",0.35,true,false,NO_ACTION,UNRECOVERED,CREATE_PAYMENT_LINK,AUTO_EXECUTE,RECOVERED,497.00,ATTRIBUTED_INTERVENTION
486,pay_synth_20260825_486,evt_synth_20260825_486,upi,2312.45,"BANK_TIMEOUT",0.83,true,false,DISPATCH_PAYMENT_LINK,RECOVERED,CREATE_PAYMENT_LINK,AUTO_EXECUTE,RECOVERED,1786.00,ATTRIBUTED_INTERVENTION
487,pay_synth_20260825_487,evt_synth_20260825_487,card,3059.10,"BANK_TIMEOUT",0.77,true,false,DISPATCH_PAYMENT_LINK,RECOVERED,CREATE_PAYMENT_LINK,AUTO_EXECUTE,RECOVERED,2365.00,ATTRIBUTED_INTERVENTION
488,pay_synth_20260825_488,evt_synth_20260825_488,netbanking,2006.68,"AUTHENTICATION_ERROR",0.90,true,false,DISPATCH_PAYMENT_LINK,RECOVERED,CREATE_PAYMENT_LINK,AUTO_EXECUTE,RECOVERED,1595.00,ATTRIBUTED_INTERVENTION
489,pay_synth_20260825_489,evt_synth_20260825_489,card,2085.52,"BAD_REQUEST",0.68,true,false,NO_ACTION,UNRECOVERED,CREATE_PAYMENT_LINK,AUTO_EXECUTE,LINK_EXPIRED_UNPAID,1182.00,NONE
490,pay_synth_20260825_490,evt_synth_20260825_490,upi,1346.82,"BANK_TIMEOUT",0.34,true,false,DISPATCH_PAYMENT_LINK,SPAM_FATIGUE_PENALTY,CREATE_PAYMENT_LINK,AUTO_EXECUTE,LINK_EXPIRED_UNPAID,1038.00,NONE
491,pay_synth_20260825_491,evt_synth_20260825_491,netbanking,2964.43,"BANK_TIMEOUT",0.85,true,false,DISPATCH_PAYMENT_LINK,RECOVERED,CREATE_PAYMENT_LINK,AUTO_EXECUTE,RECOVERED,2292.00,ATTRIBUTED_INTERVENTION
492,pay_synth_20260825_492,evt_synth_20260825_492,upi,4637.10,"GATEWAY_ERROR",0.55,true,false,DISPATCH_PAYMENT_LINK,UNRECOVERED,CREATE_PAYMENT_LINK,AUTO_EXECUTE,LINK_EXPIRED_UNPAID,3430.00,NONE
493,pay_synth_20260825_493,evt_synth_20260825_493,card,62165.26,"UPI_APP_TIMEOUT",0.66,true,false,DISPATCH_PAYMENT_LINK,RECOVERED,ESCALATE_TO_OPS,ESCALATE_HUMAN,PENDING_HUMAN_OPS,43932.00,NONE
494,pay_synth_20260825_494,evt_synth_20260825_494,upi,911.77,"AUTHENTICATION_ERROR",0.55,true,false,NO_ACTION,UNRECOVERED,CREATE_PAYMENT_LINK,AUTO_EXECUTE,LINK_EXPIRED_UNPAID,721.00,NONE
495,pay_synth_20260825_495,evt_synth_20260825_495,netbanking,670.83,"AUTHENTICATION_ERROR",0.69,true,false,NO_ACTION,UNRECOVERED,CREATE_PAYMENT_LINK,AUTO_EXECUTE,LINK_EXPIRED_UNPAID,529.00,NONE
496,pay_synth_20260825_496,evt_synth_20260825_496,upi,4783.57,"CHECKOUT_ABANDONMENT",0.87,true,false,DISPATCH_PAYMENT_LINK,UNRECOVERED,CREATE_PAYMENT_LINK,AUTO_EXECUTE,LINK_EXPIRED_UNPAID,2284.00,NONE
497,pay_synth_20260825_497,evt_synth_20260825_497,upi,2497.50,"BAD_REQUEST",0.61,true,false,NO_ACTION,UNRECOVERED,CREATE_PAYMENT_LINK,AUTO_EXECUTE,LINK_EXPIRED_UNPAID,1417.00,NONE
498,pay_synth_20260825_498,evt_synth_20260825_498,netbanking,393.35,"AUTHENTICATION_ERROR",0.64,true,false,NO_ACTION,UNRECOVERED,CREATE_PAYMENT_LINK,AUTO_EXECUTE,RECOVERED,308.00,ATTRIBUTED_INTERVENTION
499,pay_synth_20260825_499,evt_synth_20260825_499,netbanking,12169.31,"BAD_REQUEST",0.59,true,false,NO_ACTION,UNRECOVERED,CREATE_PAYMENT_LINK,AUTO_EXECUTE,LINK_EXPIRED_UNPAID,6930.00,NONE
500,pay_synth_20260825_500,evt_synth_20260825_500,netbanking,62982.16,"BAD_REQUEST",0.93,true,false,NO_ACTION,UNRECOVERED,ESCALATE_TO_OPS,ESCALATE_HUMAN,HUMAN_APPROVED_UNPAID,35894.00,NONE
501,pay_synth_20260825_501,evt_synth_20260825_501,netbanking,562.28,"AUTHENTICATION_ERROR",0.84,true,false,NO_ACTION,UNRECOVERED,CREATE_PAYMENT_LINK,AUTO_EXECUTE,RECOVERED,442.00,ATTRIBUTED_INTERVENTION
502,pay_synth_20260825_502,evt_synth_20260825_502,card,8340.57,"GATEWAY_ERROR",0.74,true,false,DISPATCH_PAYMENT_LINK,RECOVERED,CREATE_PAYMENT_LINK,AUTO_EXECUTE,RECOVERED,6174.00,ATTRIBUTED_INTERVENTION
503,pay_synth_20260825_503,evt_synth_20260825_503,upi,554.77,"BANK_TIMEOUT",0.85,true,false,NO_ACTION,UNRECOVERED,CREATE_PAYMENT_LINK,AUTO_EXECUTE,RECOVERED,424.00,ATTRIBUTED_INTERVENTION
504,pay_synth_20260825_504,evt_synth_20260825_504,upi,69.36,"GATEWAY_ERROR",0.83,true,false,NO_ACTION,UNRECOVERED,CREATE_PAYMENT_LINK,AUTO_EXECUTE,RECOVERED,45.00,ATTRIBUTED_INTERVENTION
505,pay_synth_20260825_505,evt_synth_20260825_505,netbanking,19258.44,"GATEWAY_ERROR",0.45,true,false,DISPATCH_PAYMENT_LINK,UNRECOVERED,CREATE_PAYMENT_LINK,AUTO_EXECUTE,LINK_EXPIRED_UNPAID,14264.00,NONE
506,pay_synth_20260825_506,evt_synth_20260825_506,netbanking,1516.40,"GATEWAY_ERROR",0.50,true,false,DISPATCH_PAYMENT_LINK,RECOVERED,CREATE_PAYMENT_LINK,AUTO_EXECUTE,RECOVERED,1117.00,ATTRIBUTED_INTERVENTION
507,pay_synth_20260825_507,evt_synth_20260825_507,netbanking,840.49,"CHECKOUT_ABANDONMENT",0.52,true,false,NO_ACTION,UNRECOVERED,CREATE_PAYMENT_LINK,AUTO_EXECUTE,LINK_EXPIRED_UNPAID,396.00,NONE
508,pay_synth_20260825_508,evt_synth_20260825_508,card,6392.15,"GATEWAY_ERROR",0.42,false,false,DISPATCH_PAYMENT_LINK,SPAM_FATIGUE_PENALTY,CREATE_PAYMENT_LINK,AUTO_EXECUTE,LINK_EXPIRED_UNPAID,4730.00,NONE
509,pay_synth_20260825_509,evt_synth_20260825_509,card,62.77,"CHECKOUT_ABANDONMENT",0.82,true,false,NO_ACTION,UNRECOVERED,CREATE_PAYMENT_LINK,AUTO_EXECUTE,RECOVERED,24.00,ATTRIBUTED_INTERVENTION
510,pay_synth_20260825_510,evt_synth_20260825_510,netbanking,1812.93,"AUTHENTICATION_ERROR",0.44,true,false,DISPATCH_PAYMENT_LINK,RECOVERED,CREATE_PAYMENT_LINK,AUTO_EXECUTE,RECOVERED,1440.00,ATTRIBUTED_INTERVENTION
511,pay_synth_20260825_511,evt_synth_20260825_511,upi,98.96,"UPI_APP_TIMEOUT",0.92,true,false,NO_ACTION,UNRECOVERED,CREATE_PAYMENT_LINK,AUTO_EXECUTE,RECOVERED,64.00,ATTRIBUTED_INTERVENTION
512,pay_synth_20260825_512,evt_synth_20260825_512,netbanking,3248.29,"UPI_APP_TIMEOUT",0.32,true,false,DISPATCH_PAYMENT_LINK,SPAM_FATIGUE_PENALTY,CREATE_PAYMENT_LINK,AUTO_EXECUTE,RECOVERED,2290.00,ATTRIBUTED_INTERVENTION
513,pay_synth_20260825_513,evt_synth_20260825_513,netbanking,1620.83,"AUTHENTICATION_ERROR",0.55,true,false,DISPATCH_PAYMENT_LINK,RECOVERED,CREATE_PAYMENT_LINK,AUTO_EXECUTE,RECOVERED,1287.00,ATTRIBUTED_INTERVENTION
514,pay_synth_20260825_514,evt_synth_20260825_514,upi,1326.60,"AUTHENTICATION_ERROR",0.79,false,false,DISPATCH_PAYMENT_LINK,SPAM_FATIGUE_PENALTY,CREATE_PAYMENT_LINK,AUTO_EXECUTE,LINK_EXPIRED_UNPAID,1052.00,NONE
515,pay_synth_20260825_515,evt_synth_20260825_515,netbanking,65.01,"BAD_REQUEST",0.50,true,false,NO_ACTION,UNRECOVERED,CREATE_PAYMENT_LINK,AUTO_EXECUTE,LINK_EXPIRED_UNPAID,31.00,NONE
516,pay_synth_20260825_516,evt_synth_20260825_516,card,2462.00,"UPI_APP_TIMEOUT",0.71,true,false,DISPATCH_PAYMENT_LINK,RECOVERED,CREATE_PAYMENT_LINK,AUTO_EXECUTE,RECOVERED,1734.00,ATTRIBUTED_INTERVENTION
517,pay_synth_20260825_517,evt_synth_20260825_517,netbanking,60042.76,"CHECKOUT_ABANDONMENT",0.83,true,false,DISPATCH_PAYMENT_LINK,RECOVERED,ESCALATE_TO_OPS,ESCALATE_HUMAN,PENDING_HUMAN_OPS,28742.00,NONE
518,pay_synth_20260825_518,evt_synth_20260825_518,upi,17191.34,"CHECKOUT_ABANDONMENT",0.78,true,false,DISPATCH_PAYMENT_LINK,UNRECOVERED,CREATE_PAYMENT_LINK,AUTO_EXECUTE,LINK_EXPIRED_UNPAID,8225.00,NONE
519,pay_synth_20260825_519,evt_synth_20260825_519,card,2927.41,"BANK_TIMEOUT",0.41,true,false,DISPATCH_PAYMENT_LINK,RECOVERED,CREATE_PAYMENT_LINK,AUTO_EXECUTE,RECOVERED,2263.00,ATTRIBUTED_INTERVENTION
520,pay_synth_20260825_520,evt_synth_20260825_520,netbanking,2103.63,"BAD_REQUEST",0.52,true,false,NO_ACTION,UNRECOVERED,CREATE_PAYMENT_LINK,AUTO_EXECUTE,LINK_EXPIRED_UNPAID,1193.00,NONE
521,pay_synth_20260825_521,evt_synth_20260825_521,card,14769.41,"UPI_APP_TIMEOUT",0.68,true,false,DISPATCH_PAYMENT_LINK,RECOVERED,CREATE_PAYMENT_LINK,AUTO_EXECUTE,RECOVERED,10433.00,ATTRIBUTED_INTERVENTION
522,pay_synth_20260825_522,evt_synth_20260825_522,card,2261.37,"BAD_REQUEST",0.71,true,false,NO_ACTION,UNRECOVERED,CREATE_PAYMENT_LINK,AUTO_EXECUTE,LINK_EXPIRED_UNPAID,1283.00,NONE
523,pay_synth_20260825_523,evt_synth_20260825_523,netbanking,1616.86,"UPI_APP_TIMEOUT",0.31,true,false,DISPATCH_PAYMENT_LINK,SPAM_FATIGUE_PENALTY,CREATE_PAYMENT_LINK,AUTO_EXECUTE,LINK_EXPIRED_UNPAID,1137.00,NONE
524,pay_synth_20260825_524,evt_synth_20260825_524,netbanking,1912.28,"AUTHENTICATION_ERROR",0.72,true,false,DISPATCH_PAYMENT_LINK,RECOVERED,CREATE_PAYMENT_LINK,AUTO_EXECUTE,RECOVERED,1520.00,ATTRIBUTED_INTERVENTION
525,pay_synth_20260825_525,evt_synth_20260825_525,upi,14830.57,"CHECKOUT_ABANDONMENT",0.35,true,false,DISPATCH_PAYMENT_LINK,SPAM_FATIGUE_PENALTY,CREATE_PAYMENT_LINK,AUTO_EXECUTE,RECOVERED,7095.00,ATTRIBUTED_INTERVENTION
526,pay_synth_20260825_526,evt_synth_20260825_526,netbanking,30340.45,"CHECKOUT_ABANDONMENT",0.37,true,false,DISPATCH_PAYMENT_LINK,SPAM_FATIGUE_PENALTY,ESCALATE_TO_OPS,ESCALATE_HUMAN,HUMAN_APPROVED_RECOVERED,14521.00,ATTRIBUTED_INTERVENTION
527,pay_synth_20260825_527,evt_synth_20260825_527,card,11865.72,"BANK_TIMEOUT",0.81,true,false,DISPATCH_PAYMENT_LINK,RECOVERED,CREATE_PAYMENT_LINK,AUTO_EXECUTE,RECOVERED,9192.00,ATTRIBUTED_INTERVENTION
528,pay_synth_20260825_528,evt_synth_20260825_528,upi,1246.10,"CHECKOUT_ABANDONMENT",0.71,true,false,DISPATCH_PAYMENT_LINK,UNRECOVERED,CREATE_PAYMENT_LINK,AUTO_EXECUTE,LINK_EXPIRED_UNPAID,590.00,NONE
529,pay_synth_20260825_529,evt_synth_20260825_529,card,2687.61,"AUTHENTICATION_ERROR",0.67,true,false,DISPATCH_PAYMENT_LINK,RECOVERED,CREATE_PAYMENT_LINK,AUTO_EXECUTE,RECOVERED,2138.00,ATTRIBUTED_INTERVENTION
530,pay_synth_20260825_530,evt_synth_20260825_530,netbanking,888.63,"AUTHENTICATION_ERROR",0.52,true,false,NO_ACTION,UNRECOVERED,CREATE_PAYMENT_LINK,AUTO_EXECUTE,LINK_EXPIRED_UNPAID,703.00,NONE
531,pay_synth_20260825_531,evt_synth_20260825_531,netbanking,3465.00,"UPI_APP_TIMEOUT",0.68,true,false,DISPATCH_PAYMENT_LINK,RECOVERED,CREATE_PAYMENT_LINK,AUTO_EXECUTE,RECOVERED,2443.00,ATTRIBUTED_INTERVENTION
532,pay_synth_20260825_532,evt_synth_20260825_532,upi,3486.75,"AUTHENTICATION_ERROR",0.44,true,false,DISPATCH_PAYMENT_LINK,RECOVERED,CREATE_PAYMENT_LINK,AUTO_EXECUTE,RECOVERED,2776.00,ATTRIBUTED_INTERVENTION
533,pay_synth_20260825_533,evt_synth_20260825_533,upi,1243.93,"AUTHENTICATION_ERROR",0.56,true,false,DISPATCH_PAYMENT_LINK,RECOVERED,CREATE_PAYMENT_LINK,AUTO_EXECUTE,RECOVERED,986.00,ATTRIBUTED_INTERVENTION
534,pay_synth_20260825_534,evt_synth_20260825_534,upi,82.05,"BAD_REQUEST",0.75,true,false,NO_ACTION,UNRECOVERED,CREATE_PAYMENT_LINK,AUTO_EXECUTE,LINK_EXPIRED_UNPAID,40.00,NONE
535,pay_synth_20260825_535,evt_synth_20260825_535,upi,1653.71,"CHECKOUT_ABANDONMENT",0.83,true,false,DISPATCH_PAYMENT_LINK,UNRECOVERED,CREATE_PAYMENT_LINK,AUTO_EXECUTE,LINK_EXPIRED_UNPAID,786.00,NONE
536,pay_synth_20260825_536,evt_synth_20260825_536,card,8940.29,"GATEWAY_ERROR",0.66,true,false,DISPATCH_PAYMENT_LINK,RECOVERED,CREATE_PAYMENT_LINK,AUTO_EXECUTE,RECOVERED,6618.00,ATTRIBUTED_INTERVENTION
537,pay_synth_20260825_537,evt_synth_20260825_537,upi,2994.04,"CHECKOUT_ABANDONMENT",0.48,true,false,DISPATCH_PAYMENT_LINK,UNRECOVERED,CREATE_PAYMENT_LINK,AUTO_EXECUTE,LINK_EXPIRED_UNPAID,1427.00,NONE
538,pay_synth_20260825_538,evt_synth_20260825_538,netbanking,3436.96,"AUTHENTICATION_ERROR",0.79,true,false,DISPATCH_PAYMENT_LINK,UNRECOVERED,CREATE_PAYMENT_LINK,AUTO_EXECUTE,LINK_EXPIRED_UNPAID,2736.00,NONE
539,pay_synth_20260825_539,evt_synth_20260825_539,card,3141.54,"BANK_TIMEOUT",0.73,true,false,DISPATCH_PAYMENT_LINK,RECOVERED,CREATE_PAYMENT_LINK,AUTO_EXECUTE,RECOVERED,2429.00,ATTRIBUTED_INTERVENTION
540,pay_synth_20260825_540,evt_synth_20260825_540,upi,1601.63,"UPI_APP_TIMEOUT",0.40,true,false,DISPATCH_PAYMENT_LINK,RECOVERED,CREATE_PAYMENT_LINK,AUTO_EXECUTE,RECOVERED,1126.00,ATTRIBUTED_INTERVENTION
541,pay_synth_20260825_541,evt_synth_20260825_541,card,873.71,"BAD_REQUEST",0.45,true,false,NO_ACTION,UNRECOVERED,CREATE_PAYMENT_LINK,AUTO_EXECUTE,LINK_EXPIRED_UNPAID,492.00,NONE
542,pay_synth_20260825_542,evt_synth_20260825_542,netbanking,10257.23,"BAD_REQUEST",0.40,true,false,NO_ACTION,UNRECOVERED,CREATE_PAYMENT_LINK,AUTO_EXECUTE,LINK_EXPIRED_UNPAID,5840.00,NONE
543,pay_synth_20260825_543,evt_synth_20260825_543,card,15096.56,"AUTHENTICATION_ERROR",0.70,true,false,DISPATCH_PAYMENT_LINK,UNRECOVERED,CREATE_PAYMENT_LINK,AUTO_EXECUTE,LINK_EXPIRED_UNPAID,12041.00,NONE
544,pay_synth_20260825_544,evt_synth_20260825_544,netbanking,3112.93,"GATEWAY_ERROR",0.50,true,false,DISPATCH_PAYMENT_LINK,RECOVERED,CREATE_PAYMENT_LINK,AUTO_EXECUTE,RECOVERED,2300.00,ATTRIBUTED_INTERVENTION
545,pay_synth_20260825_545,evt_synth_20260825_545,upi,11011.54,"CHECKOUT_ABANDONMENT",0.58,true,false,DISPATCH_PAYMENT_LINK,UNRECOVERED,CREATE_PAYMENT_LINK,AUTO_EXECUTE,LINK_EXPIRED_UNPAID,5266.00,NONE
546,pay_synth_20260825_546,evt_synth_20260825_546,card,563.85,"BANK_TIMEOUT",0.78,false,false,NO_ACTION,UNRECOVERED,CREATE_PAYMENT_LINK,AUTO_EXECUTE,LINK_EXPIRED_UNPAID,431.00,NONE
547,pay_synth_20260825_547,evt_synth_20260825_547,card,371.56,"BANK_TIMEOUT",0.46,true,false,NO_ACTION,UNRECOVERED,CREATE_PAYMENT_LINK,AUTO_EXECUTE,LINK_EXPIRED_UNPAID,282.00,NONE
548,pay_synth_20260825_548,evt_synth_20260825_548,netbanking,45688.80,"UPI_APP_TIMEOUT",0.52,true,false,DISPATCH_PAYMENT_LINK,UNRECOVERED,ESCALATE_TO_OPS,ESCALATE_HUMAN,HUMAN_APPROVED_UNPAID,32287.00,NONE
549,pay_synth_20260825_549,evt_synth_20260825_549,netbanking,1288.12,"BAD_REQUEST",0.46,true,false,NO_ACTION,UNRECOVERED,CREATE_PAYMENT_LINK,AUTO_EXECUTE,RECOVERED,728.00,ATTRIBUTED_INTERVENTION
550,pay_synth_20260825_550,evt_synth_20260825_550,netbanking,2842.98,"UPI_APP_TIMEOUT",0.86,true,false,DISPATCH_PAYMENT_LINK,RECOVERED,CREATE_PAYMENT_LINK,AUTO_EXECUTE,RECOVERED,2003.00,ATTRIBUTED_INTERVENTION
551,pay_synth_20260825_551,evt_synth_20260825_551,netbanking,96.01,"BAD_REQUEST",0.59,true,false,NO_ACTION,UNRECOVERED,CREATE_PAYMENT_LINK,AUTO_EXECUTE,LINK_EXPIRED_UNPAID,48.00,NONE
552,pay_synth_20260825_552,evt_synth_20260825_552,upi,2484.11,"GATEWAY_ERROR",0.33,true,false,DISPATCH_PAYMENT_LINK,SPAM_FATIGUE_PENALTY,CREATE_PAYMENT_LINK,AUTO_EXECUTE,LINK_EXPIRED_UNPAID,1834.00,NONE
553,pay_synth_20260825_553,evt_synth_20260825_553,upi,3164.15,"UPI_APP_TIMEOUT",0.75,true,false,DISPATCH_PAYMENT_LINK,UNRECOVERED,CREATE_PAYMENT_LINK,AUTO_EXECUTE,LINK_EXPIRED_UNPAID,2230.00,NONE
554,pay_synth_20260825_554,evt_synth_20260825_554,upi,14723.06,"BANK_TIMEOUT",0.50,true,false,DISPATCH_PAYMENT_LINK,RECOVERED,CREATE_PAYMENT_LINK,AUTO_EXECUTE,RECOVERED,11407.00,ATTRIBUTED_INTERVENTION
555,pay_synth_20260825_555,evt_synth_20260825_555,card,337.16,"UPI_APP_TIMEOUT",0.47,true,false,NO_ACTION,UNRECOVERED,CREATE_PAYMENT_LINK,AUTO_EXECUTE,RECOVERED,232.00,ATTRIBUTED_INTERVENTION
556,pay_synth_20260825_556,evt_synth_20260825_556,netbanking,5038.92,"BANK_TIMEOUT",0.66,true,false,DISPATCH_PAYMENT_LINK,UNRECOVERED,CREATE_PAYMENT_LINK,AUTO_EXECUTE,LINK_EXPIRED_UNPAID,3900.00,NONE
557,pay_synth_20260825_557,evt_synth_20260825_557,upi,1225.90,"GATEWAY_ERROR",0.77,true,false,DISPATCH_PAYMENT_LINK,UNRECOVERED,CREATE_PAYMENT_LINK,AUTO_EXECUTE,LINK_EXPIRED_UNPAID,902.00,NONE
558,pay_synth_20260825_558,evt_synth_20260825_558,card,154.59,"AUTHENTICATION_ERROR",0.80,true,false,NO_ACTION,UNRECOVERED,CREATE_PAYMENT_LINK,AUTO_EXECUTE,RECOVERED,117.00,ATTRIBUTED_INTERVENTION
559,pay_synth_20260825_559,evt_synth_20260825_559,card,1922.44,"BANK_TIMEOUT",0.55,true,false,DISPATCH_PAYMENT_LINK,RECOVERED,CREATE_PAYMENT_LINK,AUTO_EXECUTE,RECOVERED,1484.00,ATTRIBUTED_INTERVENTION
560,pay_synth_20260825_560,evt_synth_20260825_560,card,1011.07,"BAD_REQUEST",0.86,true,false,NO_ACTION,UNRECOVERED,CREATE_PAYMENT_LINK,AUTO_EXECUTE,LINK_EXPIRED_UNPAID,570.00,NONE
561,pay_synth_20260825_561,evt_synth_20260825_561,upi,3433.43,"GATEWAY_ERROR",0.48,true,false,DISPATCH_PAYMENT_LINK,UNRECOVERED,CREATE_PAYMENT_LINK,AUTO_EXECUTE,LINK_EXPIRED_UNPAID,2538.00,NONE
562,pay_synth_20260825_562,evt_synth_20260825_562,netbanking,474.89,"BAD_REQUEST",0.51,true,false,NO_ACTION,UNRECOVERED,CREATE_PAYMENT_LINK,AUTO_EXECUTE,LINK_EXPIRED_UNPAID,264.00,NONE
563,pay_synth_20260825_563,evt_synth_20260825_563,upi,11456.85,"CHECKOUT_ABANDONMENT",0.61,true,false,DISPATCH_PAYMENT_LINK,RECOVERED,CREATE_PAYMENT_LINK,AUTO_EXECUTE,RECOVERED,5479.00,ATTRIBUTED_INTERVENTION
564,pay_synth_20260825_564,evt_synth_20260825_564,netbanking,3277.77,"UPI_APP_TIMEOUT",0.39,true,false,DISPATCH_PAYMENT_LINK,SPAM_FATIGUE_PENALTY,CREATE_PAYMENT_LINK,AUTO_EXECUTE,RECOVERED,2310.00,ATTRIBUTED_INTERVENTION
565,pay_synth_20260825_565,evt_synth_20260825_565,upi,2831.78,"UPI_APP_TIMEOUT",0.79,true,false,DISPATCH_PAYMENT_LINK,UNRECOVERED,CREATE_PAYMENT_LINK,AUTO_EXECUTE,LINK_EXPIRED_UNPAID,1995.00,NONE
566,pay_synth_20260825_566,evt_synth_20260825_566,upi,1807.46,"UPI_APP_TIMEOUT",0.55,true,false,DISPATCH_PAYMENT_LINK,UNRECOVERED,CREATE_PAYMENT_LINK,AUTO_EXECUTE,LINK_EXPIRED_UNPAID,1271.00,NONE
567,pay_synth_20260825_567,evt_synth_20260825_567,upi,69271.31,"BANK_TIMEOUT",0.81,true,false,DISPATCH_PAYMENT_LINK,RECOVERED,ESCALATE_TO_OPS,ESCALATE_HUMAN,PENDING_HUMAN_OPS,53693.00,NONE
568,pay_synth_20260825_568,evt_synth_20260825_568,netbanking,2395.98,"BAD_REQUEST",0.55,true,false,NO_ACTION,UNRECOVERED,CREATE_PAYMENT_LINK,AUTO_EXECUTE,RECOVERED,1359.00,ATTRIBUTED_INTERVENTION
569,pay_synth_20260825_569,evt_synth_20260825_569,upi,3365.63,"CHECKOUT_ABANDONMENT",0.46,false,false,DISPATCH_PAYMENT_LINK,SPAM_FATIGUE_PENALTY,CREATE_PAYMENT_LINK,AUTO_EXECUTE,RECOVERED,1605.00,ATTRIBUTED_INTERVENTION
570,pay_synth_20260825_570,evt_synth_20260825_570,upi,3396.85,"CHECKOUT_ABANDONMENT",0.62,true,false,DISPATCH_PAYMENT_LINK,UNRECOVERED,CREATE_PAYMENT_LINK,AUTO_EXECUTE,LINK_EXPIRED_UNPAID,1620.00,NONE
571,pay_synth_20260825_571,evt_synth_20260825_571,netbanking,73214.87,"UPI_APP_TIMEOUT",0.61,true,false,DISPATCH_PAYMENT_LINK,RECOVERED,ESCALATE_TO_OPS,ESCALATE_HUMAN,PENDING_HUMAN_OPS,51742.00,NONE
572,pay_synth_20260825_572,evt_synth_20260825_572,card,1758.43,"AUTHENTICATION_ERROR",0.67,true,false,DISPATCH_PAYMENT_LINK,RECOVERED,CREATE_PAYMENT_LINK,AUTO_EXECUTE,RECOVERED,1397.00,ATTRIBUTED_INTERVENTION
573,pay_synth_20260825_573,evt_synth_20260825_573,card,14254.79,"BANK_TIMEOUT",0.61,true,false,DISPATCH_PAYMENT_LINK,RECOVERED,CREATE_PAYMENT_LINK,AUTO_EXECUTE,RECOVERED,11044.00,ATTRIBUTED_INTERVENTION
574,pay_synth_20260825_574,evt_synth_20260825_574,netbanking,11126.40,"CHECKOUT_ABANDONMENT",0.82,true,false,DISPATCH_PAYMENT_LINK,UNRECOVERED,CREATE_PAYMENT_LINK,AUTO_EXECUTE,LINK_EXPIRED_UNPAID,5321.00,NONE
575,pay_synth_20260825_575,evt_synth_20260825_575,card,1391.50,"AUTHENTICATION_ERROR",0.44,true,false,DISPATCH_PAYMENT_LINK,RECOVERED,CREATE_PAYMENT_LINK,AUTO_EXECUTE,RECOVERED,1104.00,ATTRIBUTED_INTERVENTION
576,pay_synth_20260825_576,evt_synth_20260825_576,netbanking,948.26,"UPI_APP_TIMEOUT",0.42,true,false,NO_ACTION,UNRECOVERED,CREATE_PAYMENT_LINK,AUTO_EXECUTE,RECOVERED,664.00,ATTRIBUTED_INTERVENTION
577,pay_synth_20260825_577,evt_synth_20260825_577,card,12402.11,"AUTHENTICATION_ERROR",0.33,true,false,DISPATCH_PAYMENT_LINK,SPAM_FATIGUE_PENALTY,CREATE_PAYMENT_LINK,AUTO_EXECUTE,RECOVERED,9891.00,ATTRIBUTED_INTERVENTION
578,pay_synth_20260825_578,evt_synth_20260825_578,netbanking,12193.83,"BAD_REQUEST",0.72,true,false,NO_ACTION,UNRECOVERED,CREATE_PAYMENT_LINK,AUTO_EXECUTE,LINK_EXPIRED_UNPAID,6944.00,NONE
579,pay_synth_20260825_579,evt_synth_20260825_579,netbanking,239.23,"GATEWAY_ERROR",0.76,true,false,NO_ACTION,UNRECOVERED,CREATE_PAYMENT_LINK,AUTO_EXECUTE,LINK_EXPIRED_UNPAID,171.00,NONE
580,pay_synth_20260825_580,evt_synth_20260825_580,card,2950.98,"BAD_REQUEST",0.38,true,false,NO_ACTION,UNRECOVERED,CREATE_PAYMENT_LINK,AUTO_EXECUTE,RECOVERED,1676.00,ATTRIBUTED_INTERVENTION
581,pay_synth_20260825_581,evt_synth_20260825_581,upi,2579.51,"AUTHENTICATION_ERROR",0.91,true,false,DISPATCH_PAYMENT_LINK,RECOVERED,CREATE_PAYMENT_LINK,AUTO_EXECUTE,RECOVERED,2052.00,ATTRIBUTED_INTERVENTION
582,pay_synth_20260825_582,evt_synth_20260825_582,upi,1258.30,"GATEWAY_ERROR",0.39,true,false,DISPATCH_PAYMENT_LINK,SPAM_FATIGUE_PENALTY,CREATE_PAYMENT_LINK,AUTO_EXECUTE,RECOVERED,926.00,ATTRIBUTED_INTERVENTION
583,pay_synth_20260825_583,evt_synth_20260825_583,upi,5463.78,"UPI_APP_TIMEOUT",0.76,true,false,DISPATCH_PAYMENT_LINK,RECOVERED,CREATE_PAYMENT_LINK,AUTO_EXECUTE,RECOVERED,3856.00,ATTRIBUTED_INTERVENTION
584,pay_synth_20260825_584,evt_synth_20260825_584,netbanking,2879.07,"CHECKOUT_ABANDONMENT",0.74,true,false,DISPATCH_PAYMENT_LINK,UNRECOVERED,CREATE_PAYMENT_LINK,AUTO_EXECUTE,LINK_EXPIRED_UNPAID,1372.00,NONE
585,pay_synth_20260825_585,evt_synth_20260825_585,card,272.81,"UPI_APP_TIMEOUT",0.40,true,false,NO_ACTION,UNRECOVERED,CREATE_PAYMENT_LINK,AUTO_EXECUTE,LINK_EXPIRED_UNPAID,187.00,NONE
586,pay_synth_20260825_586,evt_synth_20260825_586,upi,3010.46,"UPI_APP_TIMEOUT",0.58,true,false,DISPATCH_PAYMENT_LINK,UNRECOVERED,CREATE_PAYMENT_LINK,AUTO_EXECUTE,LINK_EXPIRED_UNPAID,2121.00,NONE
587,pay_synth_20260825_587,evt_synth_20260825_587,card,3387.47,"AUTHENTICATION_ERROR",0.47,true,false,DISPATCH_PAYMENT_LINK,RECOVERED,CREATE_PAYMENT_LINK,AUTO_EXECUTE,RECOVERED,2697.00,ATTRIBUTED_INTERVENTION
588,pay_synth_20260825_588,evt_synth_20260825_588,netbanking,1831.41,"BAD_REQUEST",0.81,true,false,NO_ACTION,UNRECOVERED,CREATE_PAYMENT_LINK,AUTO_EXECUTE,LINK_EXPIRED_UNPAID,1038.00,NONE
589,pay_synth_20260825_589,evt_synth_20260825_589,upi,1162.79,"AUTHENTICATION_ERROR",0.74,true,false,DISPATCH_PAYMENT_LINK,UNRECOVERED,CREATE_PAYMENT_LINK,AUTO_EXECUTE,LINK_EXPIRED_UNPAID,922.00,NONE
590,pay_synth_20260825_590,evt_synth_20260825_590,netbanking,23269.71,"AUTHENTICATION_ERROR",0.31,true,false,DISPATCH_PAYMENT_LINK,SPAM_FATIGUE_PENALTY,CREATE_PAYMENT_LINK,AUTO_EXECUTE,RECOVERED,18563.00,ATTRIBUTED_INTERVENTION
591,pay_synth_20260825_591,evt_synth_20260825_591,upi,79982.61,"CHECKOUT_ABANDONMENT",0.64,true,false,DISPATCH_PAYMENT_LINK,UNRECOVERED,ESCALATE_TO_OPS,ESCALATE_HUMAN,PENDING_HUMAN_OPS,38289.00,NONE
592,pay_synth_20260825_592,evt_synth_20260825_592,card,79355.15,"AUTHENTICATION_ERROR",0.66,false,false,DISPATCH_PAYMENT_LINK,SPAM_FATIGUE_PENALTY,ESCALATE_TO_OPS,ESCALATE_HUMAN,HUMAN_APPROVED_RECOVERED,63319.00,ATTRIBUTED_INTERVENTION
593,pay_synth_20260825_593,evt_synth_20260825_593,upi,2623.98,"BANK_TIMEOUT",0.82,true,false,DISPATCH_PAYMENT_LINK,RECOVERED,CREATE_PAYMENT_LINK,AUTO_EXECUTE,RECOVERED,2028.00,ATTRIBUTED_INTERVENTION
594,pay_synth_20260825_594,evt_synth_20260825_594,netbanking,3203.97,"BANK_TIMEOUT",0.36,true,false,DISPATCH_PAYMENT_LINK,SPAM_FATIGUE_PENALTY,CREATE_PAYMENT_LINK,AUTO_EXECUTE,LINK_EXPIRED_UNPAID,2477.00,NONE
595,pay_synth_20260825_595,evt_synth_20260825_595,card,433.70,"GATEWAY_ERROR",0.53,true,false,NO_ACTION,UNRECOVERED,CREATE_PAYMENT_LINK,AUTO_EXECUTE,RECOVERED,315.00,ATTRIBUTED_INTERVENTION
596,pay_synth_20260825_596,evt_synth_20260825_596,netbanking,2292.74,"GATEWAY_ERROR",0.54,true,false,DISPATCH_PAYMENT_LINK,UNRECOVERED,CREATE_PAYMENT_LINK,AUTO_EXECUTE,LINK_EXPIRED_UNPAID,1693.00,NONE
597,pay_synth_20260825_597,evt_synth_20260825_597,netbanking,3890.55,"BANK_TIMEOUT",0.92,false,false,DISPATCH_PAYMENT_LINK,SPAM_FATIGUE_PENALTY,CREATE_PAYMENT_LINK,AUTO_EXECUTE,RECOVERED,3010.00,ATTRIBUTED_INTERVENTION
598,pay_synth_20260825_598,evt_synth_20260825_598,card,1916.67,"GATEWAY_ERROR",0.50,true,false,DISPATCH_PAYMENT_LINK,RECOVERED,CREATE_PAYMENT_LINK,AUTO_EXECUTE,RECOVERED,1414.00,ATTRIBUTED_INTERVENTION
599,pay_synth_20260825_599,evt_synth_20260825_599,card,695.43,"UPI_APP_TIMEOUT",0.54,true,false,NO_ACTION,UNRECOVERED,CREATE_PAYMENT_LINK,AUTO_EXECUTE,LINK_EXPIRED_UNPAID,485.00,NONE
600,pay_synth_20260825_600,evt_synth_20260825_600,netbanking,1307.13,"GATEWAY_ERROR",0.73,true,false,DISPATCH_PAYMENT_LINK,UNRECOVERED,CREATE_PAYMENT_LINK,AUTO_EXECUTE,LINK_EXPIRED_UNPAID,962.00,NONE
601,pay_synth_20260825_601,evt_synth_20260825_601,netbanking,1357.19,"BAD_REQUEST",0.68,true,false,NO_ACTION,UNRECOVERED,CREATE_PAYMENT_LINK,AUTO_EXECUTE,LINK_EXPIRED_UNPAID,767.00,NONE
602,pay_synth_20260825_602,evt_synth_20260825_602,upi,8663.43,"BANK_TIMEOUT",0.77,true,false,DISPATCH_PAYMENT_LINK,UNRECOVERED,CREATE_PAYMENT_LINK,AUTO_EXECUTE,LINK_EXPIRED_UNPAID,6710.00,NONE
603,pay_synth_20260825_603,evt_synth_20260825_603,upi,2455.69,"BAD_REQUEST",0.74,true,false,NO_ACTION,UNRECOVERED,CREATE_PAYMENT_LINK,AUTO_EXECUTE,LINK_EXPIRED_UNPAID,1393.00,NONE
604,pay_synth_20260825_604,evt_synth_20260825_604,netbanking,15695.59,"BANK_TIMEOUT",0.85,true,false,DISPATCH_PAYMENT_LINK,RECOVERED,CREATE_PAYMENT_LINK,AUTO_EXECUTE,RECOVERED,12161.00,ATTRIBUTED_INTERVENTION
605,pay_synth_20260825_605,evt_synth_20260825_605,card,3225.62,"BANK_TIMEOUT",0.61,true,false,DISPATCH_PAYMENT_LINK,UNRECOVERED,CREATE_PAYMENT_LINK,AUTO_EXECUTE,LINK_EXPIRED_UNPAID,2494.00,NONE
606,pay_synth_20260825_606,evt_synth_20260825_606,netbanking,2334.79,"CHECKOUT_ABANDONMENT",0.40,true,false,DISPATCH_PAYMENT_LINK,UNRECOVERED,CREATE_PAYMENT_LINK,AUTO_EXECUTE,LINK_EXPIRED_UNPAID,1112.00,NONE
607,pay_synth_20260825_607,evt_synth_20260825_607,upi,15442.35,"UPI_APP_TIMEOUT",0.34,true,false,DISPATCH_PAYMENT_LINK,SPAM_FATIGUE_PENALTY,CREATE_PAYMENT_LINK,AUTO_EXECUTE,RECOVERED,10908.00,ATTRIBUTED_INTERVENTION
608,pay_synth_20260825_608,evt_synth_20260825_608,netbanking,315.51,"AUTHENTICATION_ERROR",0.50,true,false,NO_ACTION,UNRECOVERED,CREATE_PAYMENT_LINK,AUTO_EXECUTE,LINK_EXPIRED_UNPAID,245.00,NONE
609,pay_synth_20260825_609,evt_synth_20260825_609,netbanking,2489.35,"BANK_TIMEOUT",0.57,true,false,DISPATCH_PAYMENT_LINK,RECOVERED,CREATE_PAYMENT_LINK,AUTO_EXECUTE,RECOVERED,1923.00,ATTRIBUTED_INTERVENTION
610,pay_synth_20260825_610,evt_synth_20260825_610,upi,10060.39,"UPI_APP_TIMEOUT",0.35,true,false,DISPATCH_PAYMENT_LINK,SPAM_FATIGUE_PENALTY,CREATE_PAYMENT_LINK,AUTO_EXECUTE,RECOVERED,7104.00,ATTRIBUTED_INTERVENTION
611,pay_synth_20260825_611,evt_synth_20260825_611,card,3256.76,"BANK_TIMEOUT",0.47,true,false,DISPATCH_PAYMENT_LINK,RECOVERED,CREATE_PAYMENT_LINK,AUTO_EXECUTE,RECOVERED,2518.00,ATTRIBUTED_INTERVENTION
612,pay_synth_20260825_612,evt_synth_20260825_612,card,2211.08,"BANK_TIMEOUT",0.82,true,false,DISPATCH_PAYMENT_LINK,RECOVERED,CREATE_PAYMENT_LINK,AUTO_EXECUTE,RECOVERED,1708.00,ATTRIBUTED_INTERVENTION
613,pay_synth_20260825_613,evt_synth_20260825_613,netbanking,2985.84,"BANK_TIMEOUT",0.45,true,false,DISPATCH_PAYMENT_LINK,RECOVERED,CREATE_PAYMENT_LINK,AUTO_EXECUTE,RECOVERED,2308.00,ATTRIBUTED_INTERVENTION
614,pay_synth_20260825_614,evt_synth_20260825_614,card,1184.52,"GATEWAY_ERROR",0.68,false,false,DISPATCH_PAYMENT_LINK,SPAM_FATIGUE_PENALTY,CREATE_PAYMENT_LINK,AUTO_EXECUTE,LINK_EXPIRED_UNPAID,871.00,NONE
615,pay_synth_20260825_615,evt_synth_20260825_615,card,905.40,"BAD_REQUEST",0.89,true,false,NO_ACTION,UNRECOVERED,CREATE_PAYMENT_LINK,AUTO_EXECUTE,LINK_EXPIRED_UNPAID,510.00,NONE
616,pay_synth_20260825_616,evt_synth_20260825_616,card,2671.46,"UPI_APP_TIMEOUT",0.42,true,false,DISPATCH_PAYMENT_LINK,RECOVERED,CREATE_PAYMENT_LINK,AUTO_EXECUTE,RECOVERED,1882.00,ATTRIBUTED_INTERVENTION
617,pay_synth_20260825_617,evt_synth_20260825_617,card,592.70,"BANK_TIMEOUT",0.52,true,false,NO_ACTION,UNRECOVERED,CREATE_PAYMENT_LINK,AUTO_EXECUTE,LINK_EXPIRED_UNPAID,453.00,NONE
618,pay_synth_20260825_618,evt_synth_20260825_618,card,1583.00,"GATEWAY_ERROR",0.63,true,false,DISPATCH_PAYMENT_LINK,UNRECOVERED,CREATE_PAYMENT_LINK,AUTO_EXECUTE,LINK_EXPIRED_UNPAID,1167.00,NONE
619,pay_synth_20260825_619,evt_synth_20260825_619,card,1608.18,"UPI_APP_TIMEOUT",0.75,true,false,DISPATCH_PAYMENT_LINK,RECOVERED,CREATE_PAYMENT_LINK,AUTO_EXECUTE,RECOVERED,1130.00,ATTRIBUTED_INTERVENTION
620,pay_synth_20260825_620,evt_synth_20260825_620,netbanking,2087.84,"AUTHENTICATION_ERROR",0.92,true,false,DISPATCH_PAYMENT_LINK,RECOVERED,CREATE_PAYMENT_LINK,AUTO_EXECUTE,RECOVERED,1660.00,ATTRIBUTED_INTERVENTION
621,pay_synth_20260825_621,evt_synth_20260825_621,netbanking,65871.40,"GATEWAY_ERROR",0.74,true,false,DISPATCH_PAYMENT_LINK,RECOVERED,ESCALATE_TO_OPS,ESCALATE_HUMAN,PENDING_HUMAN_OPS,48804.00,NONE
622,pay_synth_20260825_622,evt_synth_20260825_622,upi,2305.61,"GATEWAY_ERROR",0.31,false,false,DISPATCH_PAYMENT_LINK,SPAM_FATIGUE_PENALTY,CREATE_PAYMENT_LINK,AUTO_EXECUTE,LINK_EXPIRED_UNPAID,1702.00,NONE
623,pay_synth_20260825_623,evt_synth_20260825_623,netbanking,1950.13,"UPI_APP_TIMEOUT",0.49,true,false,DISPATCH_PAYMENT_LINK,UNRECOVERED,CREATE_PAYMENT_LINK,AUTO_EXECUTE,LINK_EXPIRED_UNPAID,1372.00,NONE
624,pay_synth_20260825_624,evt_synth_20260825_624,card,18443.03,"BANK_TIMEOUT",0.84,true,false,DISPATCH_PAYMENT_LINK,RECOVERED,CREATE_PAYMENT_LINK,AUTO_EXECUTE,RECOVERED,14291.00,ATTRIBUTED_INTERVENTION
625,pay_synth_20260825_625,evt_synth_20260825_625,netbanking,2345.57,"UPI_APP_TIMEOUT",0.94,true,false,DISPATCH_PAYMENT_LINK,RECOVERED,CREATE_PAYMENT_LINK,AUTO_EXECUTE,RECOVERED,1652.00,ATTRIBUTED_INTERVENTION
626,pay_synth_20260825_626,evt_synth_20260825_626,upi,44754.02,"GATEWAY_ERROR",0.76,true,false,DISPATCH_PAYMENT_LINK,RECOVERED,ESCALATE_TO_OPS,ESCALATE_HUMAN,HUMAN_APPROVED_RECOVERED,33156.00,ATTRIBUTED_INTERVENTION
627,pay_synth_20260825_627,evt_synth_20260825_627,netbanking,10064.53,"GATEWAY_ERROR",0.82,true,false,DISPATCH_PAYMENT_LINK,UNRECOVERED,CREATE_PAYMENT_LINK,AUTO_EXECUTE,LINK_EXPIRED_UNPAID,7452.00,NONE
628,pay_synth_20260825_628,evt_synth_20260825_628,netbanking,671.08,"UPI_APP_TIMEOUT",0.66,true,false,NO_ACTION,UNRECOVERED,CREATE_PAYMENT_LINK,AUTO_EXECUTE,RECOVERED,468.00,ATTRIBUTED_INTERVENTION
629,pay_synth_20260825_629,evt_synth_20260825_629,card,192.09,"AUTHENTICATION_ERROR",0.65,true,false,NO_ACTION,UNRECOVERED,CREATE_PAYMENT_LINK,AUTO_EXECUTE,LINK_EXPIRED_UNPAID,147.00,NONE
630,pay_synth_20260825_630,evt_synth_20260825_630,card,4546.77,"UPI_APP_TIMEOUT",0.83,true,false,DISPATCH_PAYMENT_LINK,RECOVERED,CREATE_PAYMENT_LINK,AUTO_EXECUTE,RECOVERED,3207.00,ATTRIBUTED_INTERVENTION
631,pay_synth_20260825_631,evt_synth_20260825_631,netbanking,1671.19,"BAD_REQUEST",0.43,true,false,NO_ACTION,UNRECOVERED,CREATE_PAYMENT_LINK,AUTO_EXECUTE,RECOVERED,946.00,ATTRIBUTED_INTERVENTION
632,pay_synth_20260825_632,evt_synth_20260825_632,netbanking,2965.37,"BAD_REQUEST",0.62,true,false,NO_ACTION,UNRECOVERED,CREATE_PAYMENT_LINK,AUTO_EXECUTE,LINK_EXPIRED_UNPAID,1684.00,NONE
633,pay_synth_20260825_633,evt_synth_20260825_633,card,3798.69,"CHECKOUT_ABANDONMENT",0.34,true,false,DISPATCH_PAYMENT_LINK,SPAM_FATIGUE_PENALTY,CREATE_PAYMENT_LINK,AUTO_EXECUTE,LINK_EXPIRED_UNPAID,1813.00,NONE
634,pay_synth_20260825_634,evt_synth_20260825_634,upi,1231.78,"GATEWAY_ERROR",0.83,true,false,DISPATCH_PAYMENT_LINK,RECOVERED,CREATE_PAYMENT_LINK,AUTO_EXECUTE,RECOVERED,906.00,ATTRIBUTED_INTERVENTION
635,pay_synth_20260825_635,evt_synth_20260825_635,card,1332.51,"AUTHENTICATION_ERROR",0.70,true,false,DISPATCH_PAYMENT_LINK,RECOVERED,CREATE_PAYMENT_LINK,AUTO_EXECUTE,RECOVERED,1057.00,ATTRIBUTED_INTERVENTION
636,pay_synth_20260825_636,evt_synth_20260825_636,netbanking,1820.12,"BAD_REQUEST",0.47,true,false,NO_ACTION,UNRECOVERED,CREATE_PAYMENT_LINK,AUTO_EXECUTE,LINK_EXPIRED_UNPAID,1031.00,NONE
637,pay_synth_20260825_637,evt_synth_20260825_637,card,1589.77,"CHECKOUT_ABANDONMENT",0.66,true,false,DISPATCH_PAYMENT_LINK,UNRECOVERED,CREATE_PAYMENT_LINK,AUTO_EXECUTE,LINK_EXPIRED_UNPAID,755.00,NONE
638,pay_synth_20260825_638,evt_synth_20260825_638,netbanking,2466.75,"GATEWAY_ERROR",0.86,true,false,DISPATCH_PAYMENT_LINK,RECOVERED,CREATE_PAYMENT_LINK,AUTO_EXECUTE,RECOVERED,1822.00,ATTRIBUTED_INTERVENTION
639,pay_synth_20260825_639,evt_synth_20260825_639,netbanking,36268.57,"CHECKOUT_ABANDONMENT",0.82,true,false,DISPATCH_PAYMENT_LINK,UNRECOVERED,ESCALATE_TO_OPS,ESCALATE_HUMAN,PENDING_HUMAN_OPS,17359.00,NONE
640,pay_synth_20260825_640,evt_synth_20260825_640,upi,770.32,"BAD_REQUEST",0.46,true,false,NO_ACTION,UNRECOVERED,CREATE_PAYMENT_LINK,AUTO_EXECUTE,LINK_EXPIRED_UNPAID,433.00,NONE
641,pay_synth_20260825_641,evt_synth_20260825_641,upi,1191.18,"UPI_APP_TIMEOUT",0.36,true,false,DISPATCH_PAYMENT_LINK,SPAM_FATIGUE_PENALTY,CREATE_PAYMENT_LINK,AUTO_EXECUTE,LINK_EXPIRED_UNPAID,836.00,NONE
642,pay_synth_20260825_642,evt_synth_20260825_642,card,3225.28,"UPI_APP_TIMEOUT",0.67,true,false,DISPATCH_PAYMENT_LINK,UNRECOVERED,CREATE_PAYMENT_LINK,AUTO_EXECUTE,LINK_EXPIRED_UNPAID,2273.00,NONE
643,pay_synth_20260825_643,evt_synth_20260825_643,card,103.83,"GATEWAY_ERROR",0.36,true,false,NO_ACTION,UNRECOVERED,CREATE_PAYMENT_LINK,AUTO_EXECUTE,RECOVERED,71.00,ATTRIBUTED_INTERVENTION
644,pay_synth_20260825_644,evt_synth_20260825_644,netbanking,987.87,"BANK_TIMEOUT",0.40,true,false,NO_ACTION,UNRECOVERED,CREATE_PAYMENT_LINK,AUTO_EXECUTE,RECOVERED,760.00,ATTRIBUTED_INTERVENTION
645,pay_synth_20260825_645,evt_synth_20260825_645,netbanking,3235.27,"BANK_TIMEOUT",0.54,true,false,DISPATCH_PAYMENT_LINK,UNRECOVERED,CREATE_PAYMENT_LINK,AUTO_EXECUTE,LINK_EXPIRED_UNPAID,2502.00,NONE
646,pay_synth_20260825_646,evt_synth_20260825_646,upi,18633.70,"GATEWAY_ERROR",0.91,true,false,DISPATCH_PAYMENT_LINK,UNRECOVERED,CREATE_PAYMENT_LINK,AUTO_EXECUTE,LINK_EXPIRED_UNPAID,13801.00,NONE
647,pay_synth_20260825_647,evt_synth_20260825_647,upi,2110.85,"BANK_TIMEOUT",0.73,true,false,DISPATCH_PAYMENT_LINK,UNRECOVERED,CREATE_PAYMENT_LINK,AUTO_EXECUTE,LINK_EXPIRED_UNPAID,1630.00,NONE
648,pay_synth_20260825_648,evt_synth_20260825_648,card,1341.48,"CHECKOUT_ABANDONMENT",0.85,true,false,DISPATCH_PAYMENT_LINK,UNRECOVERED,CREATE_PAYMENT_LINK,AUTO_EXECUTE,LINK_EXPIRED_UNPAID,636.00,NONE
649,pay_synth_20260825_649,evt_synth_20260825_649,card,3110.20,"AUTHENTICATION_ERROR",0.78,true,false,DISPATCH_PAYMENT_LINK,UNRECOVERED,CREATE_PAYMENT_LINK,AUTO_EXECUTE,LINK_EXPIRED_UNPAID,2476.00,NONE
650,pay_synth_20260825_650,evt_synth_20260825_650,card,1822.43,"GATEWAY_ERROR",0.70,true,false,DISPATCH_PAYMENT_LINK,RECOVERED,CREATE_PAYMENT_LINK,AUTO_EXECUTE,RECOVERED,1344.00,ATTRIBUTED_INTERVENTION
651,pay_synth_20260825_651,evt_synth_20260825_651,netbanking,11798.88,"CHECKOUT_ABANDONMENT",0.51,true,false,DISPATCH_PAYMENT_LINK,UNRECOVERED,CREATE_PAYMENT_LINK,AUTO_EXECUTE,LINK_EXPIRED_UNPAID,5643.00,NONE
652,pay_synth_20260825_652,evt_synth_20260825_652,card,18478.73,"CHECKOUT_ABANDONMENT",0.69,true,false,DISPATCH_PAYMENT_LINK,UNRECOVERED,CREATE_PAYMENT_LINK,AUTO_EXECUTE,LINK_EXPIRED_UNPAID,8841.00,NONE
653,pay_synth_20260825_653,evt_synth_20260825_653,upi,12782.40,"UPI_APP_TIMEOUT",0.38,true,false,DISPATCH_PAYMENT_LINK,SPAM_FATIGUE_PENALTY,CREATE_PAYMENT_LINK,AUTO_EXECUTE,LINK_EXPIRED_UNPAID,9028.00,NONE
654,pay_synth_20260825_654,evt_synth_20260825_654,card,3464.49,"UPI_APP_TIMEOUT",0.44,true,false,DISPATCH_PAYMENT_LINK,RECOVERED,CREATE_PAYMENT_LINK,AUTO_EXECUTE,RECOVERED,2442.00,ATTRIBUTED_INTERVENTION
655,pay_synth_20260825_655,evt_synth_20260825_655,netbanking,1630.88,"BANK_TIMEOUT",0.46,true,false,DISPATCH_PAYMENT_LINK,RECOVERED,CREATE_PAYMENT_LINK,AUTO_EXECUTE,RECOVERED,1258.00,ATTRIBUTED_INTERVENTION
656,pay_synth_20260825_656,evt_synth_20260825_656,netbanking,16621.39,"GATEWAY_ERROR",0.78,true,false,DISPATCH_PAYMENT_LINK,RECOVERED,CREATE_PAYMENT_LINK,AUTO_EXECUTE,RECOVERED,12310.00,ATTRIBUTED_INTERVENTION
657,pay_synth_20260825_657,evt_synth_20260825_657,netbanking,2673.64,"BANK_TIMEOUT",0.45,true,false,DISPATCH_PAYMENT_LINK,RECOVERED,CREATE_PAYMENT_LINK,AUTO_EXECUTE,RECOVERED,2066.00,ATTRIBUTED_INTERVENTION
658,pay_synth_20260825_658,evt_synth_20260825_658,upi,18044.52,"BANK_TIMEOUT",0.61,true,false,DISPATCH_PAYMENT_LINK,RECOVERED,CREATE_PAYMENT_LINK,AUTO_EXECUTE,RECOVERED,13982.00,ATTRIBUTED_INTERVENTION
659,pay_synth_20260825_659,evt_synth_20260825_659,upi,7116.96,"BAD_REQUEST",0.91,true,false,NO_ACTION,UNRECOVERED,CREATE_PAYMENT_LINK,AUTO_EXECUTE,LINK_EXPIRED_UNPAID,4050.00,NONE
660,pay_synth_20260825_660,evt_synth_20260825_660,card,488.53,"GATEWAY_ERROR",0.37,true,false,NO_ACTION,UNRECOVERED,CREATE_PAYMENT_LINK,AUTO_EXECUTE,RECOVERED,356.00,ATTRIBUTED_INTERVENTION
661,pay_synth_20260825_661,evt_synth_20260825_661,netbanking,73467.85,"UPI_APP_TIMEOUT",0.40,true,false,DISPATCH_PAYMENT_LINK,RECOVERED,ESCALATE_TO_OPS,ESCALATE_HUMAN,PENDING_HUMAN_OPS,51921.00,NONE
662,pay_synth_20260825_662,evt_synth_20260825_662,netbanking,1245.56,"GATEWAY_ERROR",0.92,true,false,DISPATCH_PAYMENT_LINK,UNRECOVERED,CREATE_PAYMENT_LINK,AUTO_EXECUTE,LINK_EXPIRED_UNPAID,917.00,NONE
663,pay_synth_20260825_663,evt_synth_20260825_663,netbanking,18220.73,"GATEWAY_ERROR",0.39,false,false,DISPATCH_PAYMENT_LINK,SPAM_FATIGUE_PENALTY,CREATE_PAYMENT_LINK,AUTO_EXECUTE,RECOVERED,13495.00,ATTRIBUTED_INTERVENTION
664,pay_synth_20260825_664,evt_synth_20260825_664,netbanking,2382.22,"BAD_REQUEST",0.91,true,false,NO_ACTION,UNRECOVERED,CREATE_PAYMENT_LINK,AUTO_EXECUTE,LINK_EXPIRED_UNPAID,1352.00,NONE
665,pay_synth_20260825_665,evt_synth_20260825_665,upi,1572.77,"AUTHENTICATION_ERROR",0.63,true,false,DISPATCH_PAYMENT_LINK,RECOVERED,CREATE_PAYMENT_LINK,AUTO_EXECUTE,RECOVERED,1249.00,ATTRIBUTED_INTERVENTION
666,pay_synth_20260825_666,evt_synth_20260825_666,card,3438.68,"GATEWAY_ERROR",0.42,true,false,DISPATCH_PAYMENT_LINK,RECOVERED,CREATE_PAYMENT_LINK,AUTO_EXECUTE,RECOVERED,2542.00,ATTRIBUTED_INTERVENTION
667,pay_synth_20260825_667,evt_synth_20260825_667,netbanking,2438.15,"GATEWAY_ERROR",0.92,true,false,DISPATCH_PAYMENT_LINK,RECOVERED,CREATE_PAYMENT_LINK,AUTO_EXECUTE,RECOVERED,1800.00,ATTRIBUTED_INTERVENTION
668,pay_synth_20260825_668,evt_synth_20260825_668,netbanking,14709.05,"BAD_REQUEST",0.91,true,false,NO_ACTION,UNRECOVERED,CREATE_PAYMENT_LINK,AUTO_EXECUTE,LINK_EXPIRED_UNPAID,8378.00,NONE
669,pay_synth_20260825_669,evt_synth_20260825_669,upi,2569.17,"UPI_APP_TIMEOUT",0.82,true,false,DISPATCH_PAYMENT_LINK,RECOVERED,CREATE_PAYMENT_LINK,AUTO_EXECUTE,RECOVERED,1810.00,ATTRIBUTED_INTERVENTION
670,pay_synth_20260825_670,evt_synth_20260825_670,netbanking,22191.38,"BANK_TIMEOUT",0.78,true,false,DISPATCH_PAYMENT_LINK,UNRECOVERED,CREATE_PAYMENT_LINK,AUTO_EXECUTE,LINK_EXPIRED_UNPAID,17196.00,NONE
671,pay_synth_20260825_671,evt_synth_20260825_671,card,643.23,"UPI_APP_TIMEOUT",0.74,true,false,NO_ACTION,UNRECOVERED,CREATE_PAYMENT_LINK,AUTO_EXECUTE,RECOVERED,448.00,ATTRIBUTED_INTERVENTION
672,pay_synth_20260825_672,evt_synth_20260825_672,upi,1586.26,"BANK_TIMEOUT",0.90,true,false,DISPATCH_PAYMENT_LINK,RECOVERED,CREATE_PAYMENT_LINK,AUTO_EXECUTE,RECOVERED,1223.00,ATTRIBUTED_INTERVENTION
673,pay_synth_20260825_673,evt_synth_20260825_673,netbanking,18691.77,"GATEWAY_ERROR",0.63,true,false,DISPATCH_PAYMENT_LINK,RECOVERED,CREATE_PAYMENT_LINK,AUTO_EXECUTE,RECOVERED,13844.00,ATTRIBUTED_INTERVENTION
674,pay_synth_20260825_674,evt_synth_20260825_674,card,11666.76,"BANK_TIMEOUT",0.70,true,false,DISPATCH_PAYMENT_LINK,RECOVERED,CREATE_PAYMENT_LINK,AUTO_EXECUTE,RECOVERED,9038.00,ATTRIBUTED_INTERVENTION
675,pay_synth_20260825_675,evt_synth_20260825_675,upi,8245.63,"BANK_TIMEOUT",0.43,true,false,DISPATCH_PAYMENT_LINK,RECOVERED,CREATE_PAYMENT_LINK,AUTO_EXECUTE,RECOVERED,6386.00,ATTRIBUTED_INTERVENTION
676,pay_synth_20260825_676,evt_synth_20260825_676,card,1952.62,"AUTHENTICATION_ERROR",0.54,true,false,DISPATCH_PAYMENT_LINK,RECOVERED,CREATE_PAYMENT_LINK,AUTO_EXECUTE,RECOVERED,1552.00,ATTRIBUTED_INTERVENTION
677,pay_synth_20260825_677,evt_synth_20260825_677,card,29559.98,"GATEWAY_ERROR",0.72,true,false,DISPATCH_PAYMENT_LINK,UNRECOVERED,ESCALATE_TO_OPS,ESCALATE_HUMAN,PENDING_HUMAN_OPS,21898.00,NONE
678,pay_synth_20260825_678,evt_synth_20260825_678,netbanking,2865.91,"BAD_REQUEST",0.46,true,false,NO_ACTION,UNRECOVERED,CREATE_PAYMENT_LINK,AUTO_EXECUTE,RECOVERED,1627.00,ATTRIBUTED_INTERVENTION
679,pay_synth_20260825_679,evt_synth_20260825_679,upi,52174.81,"BANK_TIMEOUT",0.53,true,false,DISPATCH_PAYMENT_LINK,UNRECOVERED,ESCALATE_TO_OPS,ESCALATE_HUMAN,PENDING_HUMAN_OPS,40440.00,NONE
680,pay_synth_20260825_680,evt_synth_20260825_680,upi,1302.41,"BAD_REQUEST",0.37,true,false,NO_ACTION,UNRECOVERED,CREATE_PAYMENT_LINK,AUTO_EXECUTE,LINK_EXPIRED_UNPAID,736.00,NONE
681,pay_synth_20260825_681,evt_synth_20260825_681,card,1770.20,"GATEWAY_ERROR",0.91,true,false,DISPATCH_PAYMENT_LINK,UNRECOVERED,CREATE_PAYMENT_LINK,AUTO_EXECUTE,LINK_EXPIRED_UNPAID,1305.00,NONE
682,pay_synth_20260825_682,evt_synth_20260825_682,netbanking,2965.43,"UPI_APP_TIMEOUT",0.66,true,false,DISPATCH_PAYMENT_LINK,RECOVERED,CREATE_PAYMENT_LINK,AUTO_EXECUTE,RECOVERED,2090.00,ATTRIBUTED_INTERVENTION
683,pay_synth_20260825_683,evt_synth_20260825_683,card,3176.13,"UPI_APP_TIMEOUT",0.35,true,false,DISPATCH_PAYMENT_LINK,SPAM_FATIGUE_PENALTY,CREATE_PAYMENT_LINK,AUTO_EXECUTE,RECOVERED,2239.00,ATTRIBUTED_INTERVENTION
684,pay_synth_20260825_684,evt_synth_20260825_684,netbanking,1702.91,"CHECKOUT_ABANDONMENT",0.74,true,false,DISPATCH_PAYMENT_LINK,RECOVERED,CREATE_PAYMENT_LINK,AUTO_EXECUTE,RECOVERED,809.00,ATTRIBUTED_INTERVENTION
685,pay_synth_20260825_685,evt_synth_20260825_685,card,2060.39,"UPI_APP_TIMEOUT",0.41,true,false,DISPATCH_PAYMENT_LINK,RECOVERED,CREATE_PAYMENT_LINK,AUTO_EXECUTE,RECOVERED,1450.00,ATTRIBUTED_INTERVENTION
686,pay_synth_20260825_686,evt_synth_20260825_686,netbanking,18324.02,"BAD_REQUEST",0.74,true,false,NO_ACTION,UNRECOVERED,CREATE_PAYMENT_LINK,AUTO_EXECUTE,LINK_EXPIRED_UNPAID,10438.00,NONE
687,pay_synth_20260825_687,evt_synth_20260825_687,upi,10340.31,"CHECKOUT_ABANDONMENT",0.74,true,false,DISPATCH_PAYMENT_LINK,RECOVERED,CREATE_PAYMENT_LINK,AUTO_EXECUTE,RECOVERED,4945.00,ATTRIBUTED_INTERVENTION
688,pay_synth_20260825_688,evt_synth_20260825_688,card,999.71,"UPI_APP_TIMEOUT",0.50,true,false,NO_ACTION,UNRECOVERED,CREATE_PAYMENT_LINK,AUTO_EXECUTE,RECOVERED,700.00,ATTRIBUTED_INTERVENTION
689,pay_synth_20260825_689,evt_synth_20260825_689,card,3374.01,"BANK_TIMEOUT",0.45,true,false,DISPATCH_PAYMENT_LINK,RECOVERED,CREATE_PAYMENT_LINK,AUTO_EXECUTE,RECOVERED,2609.00,ATTRIBUTED_INTERVENTION
690,pay_synth_20260825_690,evt_synth_20260825_690,card,2835.16,"UPI_APP_TIMEOUT",0.56,true,false,DISPATCH_PAYMENT_LINK,RECOVERED,CREATE_PAYMENT_LINK,AUTO_EXECUTE,RECOVERED,1998.00,ATTRIBUTED_INTERVENTION
691,pay_synth_20260825_691,evt_synth_20260825_691,upi,1923.30,"AUTHENTICATION_ERROR",0.37,true,false,DISPATCH_PAYMENT_LINK,SPAM_FATIGUE_PENALTY,CREATE_PAYMENT_LINK,AUTO_EXECUTE,LINK_EXPIRED_UNPAID,1528.00,NONE
692,pay_synth_20260825_692,evt_synth_20260825_692,card,1640.60,"AUTHENTICATION_ERROR",0.82,true,false,DISPATCH_PAYMENT_LINK,RECOVERED,CREATE_PAYMENT_LINK,AUTO_EXECUTE,RECOVERED,1303.00,ATTRIBUTED_INTERVENTION
693,pay_synth_20260825_693,evt_synth_20260825_693,netbanking,929.82,"BAD_REQUEST",0.80,true,false,NO_ACTION,UNRECOVERED,CREATE_PAYMENT_LINK,AUTO_EXECUTE,LINK_EXPIRED_UNPAID,524.00,NONE
694,pay_synth_20260825_694,evt_synth_20260825_694,card,20411.71,"BAD_REQUEST",0.66,true,false,NO_ACTION,UNRECOVERED,CREATE_PAYMENT_LINK,AUTO_EXECUTE,LINK_EXPIRED_UNPAID,11628.00,NONE
695,pay_synth_20260825_695,evt_synth_20260825_695,netbanking,1256.73,"BAD_REQUEST",0.37,true,false,NO_ACTION,UNRECOVERED,CREATE_PAYMENT_LINK,AUTO_EXECUTE,LINK_EXPIRED_UNPAID,710.00,NONE
696,pay_synth_20260825_696,evt_synth_20260825_696,netbanking,756.92,"BAD_REQUEST",0.77,true,false,NO_ACTION,UNRECOVERED,CREATE_PAYMENT_LINK,AUTO_EXECUTE,LINK_EXPIRED_UNPAID,425.00,NONE
697,pay_synth_20260825_697,evt_synth_20260825_697,netbanking,925.99,"BAD_REQUEST",0.81,true,false,NO_ACTION,UNRECOVERED,CREATE_PAYMENT_LINK,AUTO_EXECUTE,LINK_EXPIRED_UNPAID,522.00,NONE
698,pay_synth_20260825_698,evt_synth_20260825_698,upi,351.83,"CHECKOUT_ABANDONMENT",0.82,true,false,NO_ACTION,UNRECOVERED,CREATE_PAYMENT_LINK,AUTO_EXECUTE,RECOVERED,162.00,ATTRIBUTED_INTERVENTION
699,pay_synth_20260825_699,evt_synth_20260825_699,netbanking,61.20,"CHECKOUT_ABANDONMENT",0.65,true,false,NO_ACTION,UNRECOVERED,CREATE_PAYMENT_LINK,AUTO_EXECUTE,RECOVERED,23.00,ATTRIBUTED_INTERVENTION
700,pay_synth_20260825_700,evt_synth_20260825_700,netbanking,644.90,"AUTHENTICATION_ERROR",0.38,true,false,NO_ACTION,UNRECOVERED,CREATE_PAYMENT_LINK,AUTO_EXECUTE,LINK_EXPIRED_UNPAID,508.00,NONE
701,pay_synth_20260825_701,evt_synth_20260825_701,card,703.07,"BANK_TIMEOUT",0.41,true,false,NO_ACTION,UNRECOVERED,CREATE_PAYMENT_LINK,AUTO_EXECUTE,RECOVERED,539.00,ATTRIBUTED_INTERVENTION
702,pay_synth_20260825_702,evt_synth_20260825_702,netbanking,900.84,"UPI_APP_TIMEOUT",0.42,true,false,NO_ACTION,UNRECOVERED,CREATE_PAYMENT_LINK,AUTO_EXECUTE,RECOVERED,630.00,ATTRIBUTED_INTERVENTION
703,pay_synth_20260825_703,evt_synth_20260825_703,netbanking,5393.64,"BAD_REQUEST",0.79,true,false,NO_ACTION,UNRECOVERED,CREATE_PAYMENT_LINK,AUTO_EXECUTE,RECOVERED,3068.00,ATTRIBUTED_INTERVENTION
704,pay_synth_20260825_704,evt_synth_20260825_704,upi,3047.74,"GATEWAY_ERROR",0.45,true,false,DISPATCH_PAYMENT_LINK,RECOVERED,CREATE_PAYMENT_LINK,AUTO_EXECUTE,RECOVERED,2252.00,ATTRIBUTED_INTERVENTION
705,pay_synth_20260825_705,evt_synth_20260825_705,upi,19056.99,"GATEWAY_ERROR",0.33,true,false,DISPATCH_PAYMENT_LINK,SPAM_FATIGUE_PENALTY,CREATE_PAYMENT_LINK,AUTO_EXECUTE,RECOVERED,14115.00,ATTRIBUTED_INTERVENTION
706,pay_synth_20260825_706,evt_synth_20260825_706,netbanking,817.35,"AUTHENTICATION_ERROR",0.72,false,false,NO_ACTION,UNRECOVERED,CREATE_PAYMENT_LINK,AUTO_EXECUTE,RECOVERED,646.00,ATTRIBUTED_INTERVENTION
707,pay_synth_20260825_707,evt_synth_20260825_707,upi,3601.06,"BANK_TIMEOUT",0.43,true,false,DISPATCH_PAYMENT_LINK,RECOVERED,CREATE_PAYMENT_LINK,AUTO_EXECUTE,RECOVERED,2785.00,ATTRIBUTED_INTERVENTION
708,pay_synth_20260825_708,evt_synth_20260825_708,card,1878.74,"UPI_APP_TIMEOUT",0.62,true,false,DISPATCH_PAYMENT_LINK,RECOVERED,CREATE_PAYMENT_LINK,AUTO_EXECUTE,RECOVERED,1322.00,ATTRIBUTED_INTERVENTION
709,pay_synth_20260825_709,evt_synth_20260825_709,upi,779.91,"CHECKOUT_ABANDONMENT",0.52,true,false,NO_ACTION,UNRECOVERED,CREATE_PAYMENT_LINK,AUTO_EXECUTE,RECOVERED,367.00,ATTRIBUTED_INTERVENTION
710,pay_synth_20260825_710,evt_synth_20260825_710,card,481.61,"AUTHENTICATION_ERROR",0.45,true,false,NO_ACTION,UNRECOVERED,CREATE_PAYMENT_LINK,AUTO_EXECUTE,LINK_EXPIRED_UNPAID,378.00,NONE
711,pay_synth_20260825_711,evt_synth_20260825_711,card,33618.53,"GATEWAY_ERROR",0.33,false,false,DISPATCH_PAYMENT_LINK,SPAM_FATIGUE_PENALTY,ESCALATE_TO_OPS,ESCALATE_HUMAN,PENDING_HUMAN_OPS,24905.00,NONE
712,pay_synth_20260825_712,evt_synth_20260825_712,card,67.89,"CHECKOUT_ABANDONMENT",0.62,true,false,NO_ACTION,UNRECOVERED,CREATE_PAYMENT_LINK,AUTO_EXECUTE,RECOVERED,26.00,ATTRIBUTED_INTERVENTION
713,pay_synth_20260825_713,evt_synth_20260825_713,netbanking,24593.47,"GATEWAY_ERROR",0.49,true,false,DISPATCH_PAYMENT_LINK,UNRECOVERED,CREATE_PAYMENT_LINK,AUTO_EXECUTE,LINK_EXPIRED_UNPAID,18217.00,NONE
714,pay_synth_20260825_714,evt_synth_20260825_714,upi,7477.74,"BANK_TIMEOUT",0.94,true,false,DISPATCH_PAYMENT_LINK,RECOVERED,CREATE_PAYMENT_LINK,AUTO_EXECUTE,RECOVERED,5790.00,ATTRIBUTED_INTERVENTION
715,pay_synth_20260825_715,evt_synth_20260825_715,card,7955.17,"BAD_REQUEST",0.52,false,false,NO_ACTION,UNRECOVERED,CREATE_PAYMENT_LINK,AUTO_EXECUTE,RECOVERED,4528.00,ATTRIBUTED_INTERVENTION
716,pay_synth_20260825_716,evt_synth_20260825_716,card,288.63,"GATEWAY_ERROR",0.71,true,false,NO_ACTION,UNRECOVERED,CREATE_PAYMENT_LINK,AUTO_EXECUTE,RECOVERED,208.00,ATTRIBUTED_INTERVENTION
717,pay_synth_20260825_717,evt_synth_20260825_717,upi,618.13,"UPI_APP_TIMEOUT",0.75,true,false,NO_ACTION,UNRECOVERED,CREATE_PAYMENT_LINK,AUTO_EXECUTE,RECOVERED,431.00,ATTRIBUTED_INTERVENTION
718,pay_synth_20260825_718,evt_synth_20260825_718,upi,2861.96,"AUTHENTICATION_ERROR",0.87,true,false,DISPATCH_PAYMENT_LINK,UNRECOVERED,CREATE_PAYMENT_LINK,AUTO_EXECUTE,LINK_EXPIRED_UNPAID,2278.00,NONE
719,pay_synth_20260825_719,evt_synth_20260825_719,card,3252.65,"BAD_REQUEST",0.47,true,false,NO_ACTION,UNRECOVERED,CREATE_PAYMENT_LINK,AUTO_EXECUTE,LINK_EXPIRED_UNPAID,1848.00,NONE
720,pay_synth_20260825_720,evt_synth_20260825_720,card,10219.09,"AUTHENTICATION_ERROR",0.78,true,false,DISPATCH_PAYMENT_LINK,RECOVERED,CREATE_PAYMENT_LINK,AUTO_EXECUTE,RECOVERED,8149.00,ATTRIBUTED_INTERVENTION
721,pay_synth_20260825_721,evt_synth_20260825_721,upi,778.19,"GATEWAY_ERROR",0.92,true,false,NO_ACTION,UNRECOVERED,CREATE_PAYMENT_LINK,AUTO_EXECUTE,RECOVERED,570.00,ATTRIBUTED_INTERVENTION
722,pay_synth_20260825_722,evt_synth_20260825_722,card,257.58,"BANK_TIMEOUT",0.33,true,false,NO_ACTION,UNRECOVERED,CREATE_PAYMENT_LINK,AUTO_EXECUTE,RECOVERED,193.00,ATTRIBUTED_INTERVENTION
723,pay_synth_20260825_723,evt_synth_20260825_723,card,15147.20,"BANK_TIMEOUT",0.60,true,false,DISPATCH_PAYMENT_LINK,RECOVERED,CREATE_PAYMENT_LINK,AUTO_EXECUTE,RECOVERED,11736.00,ATTRIBUTED_INTERVENTION
724,pay_synth_20260825_724,evt_synth_20260825_724,upi,2089.51,"UPI_APP_TIMEOUT",0.92,true,false,DISPATCH_PAYMENT_LINK,RECOVERED,CREATE_PAYMENT_LINK,AUTO_EXECUTE,RECOVERED,1471.00,ATTRIBUTED_INTERVENTION
725,pay_synth_20260825_725,evt_synth_20260825_725,upi,315.97,"UPI_APP_TIMEOUT",0.80,true,false,NO_ACTION,UNRECOVERED,CREATE_PAYMENT_LINK,AUTO_EXECUTE,RECOVERED,217.00,ATTRIBUTED_INTERVENTION
726,pay_synth_20260825_726,evt_synth_20260825_726,netbanking,3132.78,"BAD_REQUEST",0.78,true,false,NO_ACTION,UNRECOVERED,CREATE_PAYMENT_LINK,AUTO_EXECUTE,LINK_EXPIRED_UNPAID,1779.00,NONE
727,pay_synth_20260825_727,evt_synth_20260825_727,upi,3053.04,"AUTHENTICATION_ERROR",0.83,true,false,DISPATCH_PAYMENT_LINK,UNRECOVERED,CREATE_PAYMENT_LINK,AUTO_EXECUTE,LINK_EXPIRED_UNPAID,2430.00,NONE
728,pay_synth_20260825_728,evt_synth_20260825_728,netbanking,2742.37,"BAD_REQUEST",0.32,true,false,NO_ACTION,UNRECOVERED,CREATE_PAYMENT_LINK,AUTO_EXECUTE,LINK_EXPIRED_UNPAID,1557.00,NONE
729,pay_synth_20260825_729,evt_synth_20260825_729,netbanking,2059.22,"UPI_APP_TIMEOUT",0.31,true,false,DISPATCH_PAYMENT_LINK,SPAM_FATIGUE_PENALTY,CREATE_PAYMENT_LINK,AUTO_EXECUTE,RECOVERED,1449.00,ATTRIBUTED_INTERVENTION
730,pay_synth_20260825_730,evt_synth_20260825_730,upi,1039.96,"AUTHENTICATION_ERROR",0.84,true,false,DISPATCH_PAYMENT_LINK,UNRECOVERED,CREATE_PAYMENT_LINK,AUTO_EXECUTE,LINK_EXPIRED_UNPAID,824.00,NONE
731,pay_synth_20260825_731,evt_synth_20260825_731,netbanking,8723.38,"AUTHENTICATION_ERROR",0.77,true,false,DISPATCH_PAYMENT_LINK,UNRECOVERED,CREATE_PAYMENT_LINK,AUTO_EXECUTE,LINK_EXPIRED_UNPAID,6955.00,NONE
732,pay_synth_20260825_732,evt_synth_20260825_732,card,2451.00,"UPI_APP_TIMEOUT",0.79,true,false,DISPATCH_PAYMENT_LINK,UNRECOVERED,CREATE_PAYMENT_LINK,AUTO_EXECUTE,LINK_EXPIRED_UNPAID,1726.00,NONE
733,pay_synth_20260825_733,evt_synth_20260825_733,card,686.56,"UPI_APP_TIMEOUT",0.44,true,false,NO_ACTION,UNRECOVERED,CREATE_PAYMENT_LINK,AUTO_EXECUTE,RECOVERED,479.00,ATTRIBUTED_INTERVENTION
734,pay_synth_20260825_734,evt_synth_20260825_734,upi,611.17,"AUTHENTICATION_ERROR",0.54,true,false,NO_ACTION,UNRECOVERED,CREATE_PAYMENT_LINK,AUTO_EXECUTE,RECOVERED,481.00,ATTRIBUTED_INTERVENTION
735,pay_synth_20260825_735,evt_synth_20260825_735,netbanking,1614.94,"GATEWAY_ERROR",0.46,true,false,DISPATCH_PAYMENT_LINK,RECOVERED,CREATE_PAYMENT_LINK,AUTO_EXECUTE,RECOVERED,1190.00,ATTRIBUTED_INTERVENTION
736,pay_synth_20260825_736,evt_synth_20260825_736,upi,68873.56,"GATEWAY_ERROR",0.43,true,false,DISPATCH_PAYMENT_LINK,RECOVERED,ESCALATE_TO_OPS,ESCALATE_HUMAN,HUMAN_APPROVED_RECOVERED,51029.00,ATTRIBUTED_INTERVENTION
737,pay_synth_20260825_737,evt_synth_20260825_737,card,2056.82,"GATEWAY_ERROR",0.55,true,false,DISPATCH_PAYMENT_LINK,RECOVERED,CREATE_PAYMENT_LINK,AUTO_EXECUTE,RECOVERED,1518.00,ATTRIBUTED_INTERVENTION
738,pay_synth_20260825_738,evt_synth_20260825_738,upi,3490.76,"AUTHENTICATION_ERROR",0.90,true,false,DISPATCH_PAYMENT_LINK,RECOVERED,CREATE_PAYMENT_LINK,AUTO_EXECUTE,RECOVERED,2779.00,ATTRIBUTED_INTERVENTION
739,pay_synth_20260825_739,evt_synth_20260825_739,card,3366.84,"BANK_TIMEOUT",0.46,true,false,DISPATCH_PAYMENT_LINK,RECOVERED,CREATE_PAYMENT_LINK,AUTO_EXECUTE,RECOVERED,2604.00,ATTRIBUTED_INTERVENTION
740,pay_synth_20260825_740,evt_synth_20260825_740,netbanking,32.67,"GATEWAY_ERROR",0.65,true,false,NO_ACTION,UNRECOVERED,NO_ACTION,REJECT,SUPPRESSED_BY_POLICY,18.00,NONE
741,pay_synth_20260825_741,evt_synth_20260825_741,upi,3366.34,"BANK_TIMEOUT",0.60,true,false,DISPATCH_PAYMENT_LINK,UNRECOVERED,CREATE_PAYMENT_LINK,AUTO_EXECUTE,LINK_EXPIRED_UNPAID,2603.00,NONE
742,pay_synth_20260825_742,evt_synth_20260825_742,netbanking,315.06,"BAD_REQUEST",0.93,true,false,NO_ACTION,UNRECOVERED,CREATE_PAYMENT_LINK,AUTO_EXECUTE,LINK_EXPIRED_UNPAID,173.00,NONE
743,pay_synth_20260825_743,evt_synth_20260825_743,upi,13721.25,"AUTHENTICATION_ERROR",0.36,true,false,DISPATCH_PAYMENT_LINK,SPAM_FATIGUE_PENALTY,CREATE_PAYMENT_LINK,AUTO_EXECUTE,LINK_EXPIRED_UNPAID,10943.00,NONE
744,pay_synth_20260825_744,evt_synth_20260825_744,card,1592.99,"AUTHENTICATION_ERROR",0.49,true,false,DISPATCH_PAYMENT_LINK,RECOVERED,CREATE_PAYMENT_LINK,AUTO_EXECUTE,RECOVERED,1265.00,ATTRIBUTED_INTERVENTION
745,pay_synth_20260825_745,evt_synth_20260825_745,card,3102.92,"BAD_REQUEST",0.68,true,false,NO_ACTION,UNRECOVERED,CREATE_PAYMENT_LINK,AUTO_EXECUTE,LINK_EXPIRED_UNPAID,1762.00,NONE
746,pay_synth_20260825_746,evt_synth_20260825_746,upi,3280.09,"AUTHENTICATION_ERROR",0.32,true,false,DISPATCH_PAYMENT_LINK,SPAM_FATIGUE_PENALTY,CREATE_PAYMENT_LINK,AUTO_EXECUTE,LINK_EXPIRED_UNPAID,2611.00,NONE
747,pay_synth_20260825_747,evt_synth_20260825_747,card,51624.40,"BANK_TIMEOUT",0.39,true,false,DISPATCH_PAYMENT_LINK,SPAM_FATIGUE_PENALTY,ESCALATE_TO_OPS,ESCALATE_HUMAN,PENDING_HUMAN_OPS,40013.00,NONE
748,pay_synth_20260825_748,evt_synth_20260825_748,upi,2553.44,"UPI_APP_TIMEOUT",0.87,true,false,DISPATCH_PAYMENT_LINK,RECOVERED,CREATE_PAYMENT_LINK,AUTO_EXECUTE,RECOVERED,1798.00,ATTRIBUTED_INTERVENTION
749,pay_synth_20260825_749,evt_synth_20260825_749,netbanking,1318.01,"AUTHENTICATION_ERROR",0.80,true,false,DISPATCH_PAYMENT_LINK,UNRECOVERED,CREATE_PAYMENT_LINK,AUTO_EXECUTE,LINK_EXPIRED_UNPAID,1045.00,NONE
750,pay_synth_20260825_750,evt_synth_20260825_750,netbanking,3057.85,"GATEWAY_ERROR",0.84,true,false,DISPATCH_PAYMENT_LINK,RECOVERED,CREATE_PAYMENT_LINK,AUTO_EXECUTE,RECOVERED,2260.00,ATTRIBUTED_INTERVENTION
751,pay_synth_20260825_751,evt_synth_20260825_751,netbanking,1475.04,"CHECKOUT_ABANDONMENT",0.93,false,false,DISPATCH_PAYMENT_LINK,SPAM_FATIGUE_PENALTY,CREATE_PAYMENT_LINK,AUTO_EXECUTE,LINK_EXPIRED_UNPAID,700.00,NONE
752,pay_synth_20260825_752,evt_synth_20260825_752,netbanking,3036.42,"BAD_REQUEST",0.94,true,false,NO_ACTION,UNRECOVERED,CREATE_PAYMENT_LINK,AUTO_EXECUTE,RECOVERED,1724.00,ATTRIBUTED_INTERVENTION
753,pay_synth_20260825_753,evt_synth_20260825_753,upi,637.03,"BAD_REQUEST",0.36,true,false,NO_ACTION,UNRECOVERED,CREATE_PAYMENT_LINK,AUTO_EXECUTE,LINK_EXPIRED_UNPAID,357.00,NONE
754,pay_synth_20260825_754,evt_synth_20260825_754,card,3235.98,"BAD_REQUEST",0.73,false,false,NO_ACTION,UNRECOVERED,CREATE_PAYMENT_LINK,AUTO_EXECUTE,LINK_EXPIRED_UNPAID,1838.00,NONE
755,pay_synth_20260825_755,evt_synth_20260825_755,upi,343.25,"UPI_APP_TIMEOUT",0.63,true,false,NO_ACTION,UNRECOVERED,CREATE_PAYMENT_LINK,AUTO_EXECUTE,RECOVERED,236.00,ATTRIBUTED_INTERVENTION
756,pay_synth_20260825_756,evt_synth_20260825_756,card,2854.92,"UPI_APP_TIMEOUT",0.51,true,false,DISPATCH_PAYMENT_LINK,RECOVERED,CREATE_PAYMENT_LINK,AUTO_EXECUTE,RECOVERED,2012.00,ATTRIBUTED_INTERVENTION
757,pay_synth_20260825_757,evt_synth_20260825_757,netbanking,1062.63,"BANK_TIMEOUT",0.51,true,false,DISPATCH_PAYMENT_LINK,UNRECOVERED,CREATE_PAYMENT_LINK,AUTO_EXECUTE,LINK_EXPIRED_UNPAID,817.00,NONE
758,pay_synth_20260825_758,evt_synth_20260825_758,upi,5612.42,"GATEWAY_ERROR",0.77,true,false,DISPATCH_PAYMENT_LINK,RECOVERED,CREATE_PAYMENT_LINK,AUTO_EXECUTE,RECOVERED,4153.00,ATTRIBUTED_INTERVENTION
759,pay_synth_20260825_759,evt_synth_20260825_759,upi,6536.45,"GATEWAY_ERROR",0.70,true,false,DISPATCH_PAYMENT_LINK,UNRECOVERED,CREATE_PAYMENT_LINK,AUTO_EXECUTE,LINK_EXPIRED_UNPAID,4837.00,NONE
760,pay_synth_20260825_760,evt_synth_20260825_760,netbanking,42559.55,"AUTHENTICATION_ERROR",0.51,true,false,DISPATCH_PAYMENT_LINK,RECOVERED,ESCALATE_TO_OPS,ESCALATE_HUMAN,HUMAN_APPROVED_RECOVERED,33956.00,ATTRIBUTED_INTERVENTION
761,pay_synth_20260825_761,evt_synth_20260825_761,netbanking,1444.10,"BAD_REQUEST",0.72,true,false,NO_ACTION,UNRECOVERED,CREATE_PAYMENT_LINK,AUTO_EXECUTE,RECOVERED,817.00,ATTRIBUTED_INTERVENTION
762,pay_synth_20260825_762,evt_synth_20260825_762,netbanking,319.21,"BANK_TIMEOUT",0.92,true,false,NO_ACTION,UNRECOVERED,CREATE_PAYMENT_LINK,AUTO_EXECUTE,RECOVERED,241.00,ATTRIBUTED_INTERVENTION
763,pay_synth_20260825_763,evt_synth_20260825_763,card,13491.05,"GATEWAY_ERROR",0.47,true,false,DISPATCH_PAYMENT_LINK,UNRECOVERED,CREATE_PAYMENT_LINK,AUTO_EXECUTE,LINK_EXPIRED_UNPAID,9991.00,NONE
764,pay_synth_20260825_764,evt_synth_20260825_764,card,19323.51,"GATEWAY_ERROR",0.67,true,false,DISPATCH_PAYMENT_LINK,UNRECOVERED,CREATE_PAYMENT_LINK,AUTO_EXECUTE,LINK_EXPIRED_UNPAID,14312.00,NONE
765,pay_synth_20260825_765,evt_synth_20260825_765,netbanking,2585.87,"CHECKOUT_ABANDONMENT",0.52,true,false,DISPATCH_PAYMENT_LINK,UNRECOVERED,CREATE_PAYMENT_LINK,AUTO_EXECUTE,LINK_EXPIRED_UNPAID,1232.00,NONE
766,pay_synth_20260825_766,evt_synth_20260825_766,netbanking,59907.95,"CHECKOUT_ABANDONMENT",0.38,true,false,DISPATCH_PAYMENT_LINK,SPAM_FATIGUE_PENALTY,ESCALATE_TO_OPS,ESCALATE_HUMAN,HUMAN_APPROVED_RECOVERED,28678.00,ATTRIBUTED_INTERVENTION
767,pay_synth_20260825_767,evt_synth_20260825_767,card,200.29,"AUTHENTICATION_ERROR",0.39,true,false,NO_ACTION,UNRECOVERED,CREATE_PAYMENT_LINK,AUTO_EXECUTE,RECOVERED,154.00,ATTRIBUTED_INTERVENTION
768,pay_synth_20260825_768,evt_synth_20260825_768,card,2541.74,"BAD_REQUEST",0.61,true,false,NO_ACTION,UNRECOVERED,CREATE_PAYMENT_LINK,AUTO_EXECUTE,LINK_EXPIRED_UNPAID,1442.00,NONE
769,pay_synth_20260825_769,evt_synth_20260825_769,upi,882.47,"UPI_APP_TIMEOUT",0.82,true,false,NO_ACTION,UNRECOVERED,CREATE_PAYMENT_LINK,AUTO_EXECUTE,RECOVERED,617.00,ATTRIBUTED_INTERVENTION
770,pay_synth_20260825_770,evt_synth_20260825_770,card,12440.41,"BANK_TIMEOUT",0.85,true,false,DISPATCH_PAYMENT_LINK,RECOVERED,CREATE_PAYMENT_LINK,AUTO_EXECUTE,RECOVERED,9638.00,ATTRIBUTED_INTERVENTION
771,pay_synth_20260825_771,evt_synth_20260825_771,card,34614.00,"UPI_APP_TIMEOUT",0.33,true,false,DISPATCH_PAYMENT_LINK,SPAM_FATIGUE_PENALTY,ESCALATE_TO_OPS,ESCALATE_HUMAN,PENDING_HUMAN_OPS,24459.00,NONE
772,pay_synth_20260825_772,evt_synth_20260825_772,card,3007.35,"GATEWAY_ERROR",0.87,true,false,DISPATCH_PAYMENT_LINK,RECOVERED,CREATE_PAYMENT_LINK,AUTO_EXECUTE,RECOVERED,2222.00,ATTRIBUTED_INTERVENTION
773,pay_synth_20260825_773,evt_synth_20260825_773,netbanking,3068.19,"GATEWAY_ERROR",0.54,true,false,DISPATCH_PAYMENT_LINK,RECOVERED,CREATE_PAYMENT_LINK,AUTO_EXECUTE,RECOVERED,2267.00,ATTRIBUTED_INTERVENTION
774,pay_synth_20260825_774,evt_synth_20260825_774,card,1862.48,"CHECKOUT_ABANDONMENT",0.50,true,false,DISPATCH_PAYMENT_LINK,UNRECOVERED,CREATE_PAYMENT_LINK,AUTO_EXECUTE,LINK_EXPIRED_UNPAID,885.00,NONE
775,pay_synth_20260825_775,evt_synth_20260825_775,card,1416.29,"BANK_TIMEOUT",0.58,true,false,DISPATCH_PAYMENT_LINK,RECOVERED,CREATE_PAYMENT_LINK,AUTO_EXECUTE,RECOVERED,1092.00,ATTRIBUTED_INTERVENTION
776,pay_synth_20260825_776,evt_synth_20260825_776,netbanking,370.75,"BANK_TIMEOUT",0.57,true,false,NO_ACTION,UNRECOVERED,CREATE_PAYMENT_LINK,AUTO_EXECUTE,LINK_EXPIRED_UNPAID,281.00,NONE
777,pay_synth_20260825_777,evt_synth_20260825_777,upi,1246.25,"BANK_TIMEOUT",0.69,true,false,DISPATCH_PAYMENT_LINK,RECOVERED,CREATE_PAYMENT_LINK,AUTO_EXECUTE,RECOVERED,960.00,ATTRIBUTED_INTERVENTION
778,pay_synth_20260825_778,evt_synth_20260825_778,upi,11683.37,"GATEWAY_ERROR",0.54,false,false,DISPATCH_PAYMENT_LINK,SPAM_FATIGUE_PENALTY,CREATE_PAYMENT_LINK,AUTO_EXECUTE,RECOVERED,8651.00,ATTRIBUTED_INTERVENTION
779,pay_synth_20260825_779,evt_synth_20260825_779,card,1408.29,"CHECKOUT_ABANDONMENT",0.57,true,false,DISPATCH_PAYMENT_LINK,UNRECOVERED,CREATE_PAYMENT_LINK,AUTO_EXECUTE,LINK_EXPIRED_UNPAID,668.00,NONE
780,pay_synth_20260825_780,evt_synth_20260825_780,netbanking,2898.68,"UPI_APP_TIMEOUT",0.54,true,false,DISPATCH_PAYMENT_LINK,UNRECOVERED,CREATE_PAYMENT_LINK,AUTO_EXECUTE,LINK_EXPIRED_UNPAID,2042.00,NONE
781,pay_synth_20260825_781,evt_synth_20260825_781,upi,15245.89,"GATEWAY_ERROR",0.95,true,false,DISPATCH_PAYMENT_LINK,RECOVERED,CREATE_PAYMENT_LINK,AUTO_EXECUTE,RECOVERED,11291.00,ATTRIBUTED_INTERVENTION
782,pay_synth_20260825_782,evt_synth_20260825_782,netbanking,699.07,"GATEWAY_ERROR",0.35,true,false,NO_ACTION,UNRECOVERED,CREATE_PAYMENT_LINK,AUTO_EXECUTE,RECOVERED,512.00,ATTRIBUTED_INTERVENTION
783,pay_synth_20260825_783,evt_synth_20260825_783,netbanking,1221.28,"BANK_TIMEOUT",0.37,true,false,DISPATCH_PAYMENT_LINK,SPAM_FATIGUE_PENALTY,CREATE_PAYMENT_LINK,AUTO_EXECUTE,RECOVERED,940.00,ATTRIBUTED_INTERVENTION
784,pay_synth_20260825_784,evt_synth_20260825_784,card,33336.18,"AUTHENTICATION_ERROR",0.34,true,false,DISPATCH_PAYMENT_LINK,SPAM_FATIGUE_PENALTY,ESCALATE_TO_OPS,ESCALATE_HUMAN,HUMAN_APPROVED_RECOVERED,26596.00,ATTRIBUTED_INTERVENTION
785,pay_synth_20260825_785,evt_synth_20260825_785,upi,1398.75,"BANK_TIMEOUT",0.37,true,false,DISPATCH_PAYMENT_LINK,SPAM_FATIGUE_PENALTY,CREATE_PAYMENT_LINK,AUTO_EXECUTE,LINK_EXPIRED_UNPAID,1078.00,NONE
786,pay_synth_20260825_786,evt_synth_20260825_786,netbanking,2014.32,"CHECKOUT_ABANDONMENT",0.35,true,false,DISPATCH_PAYMENT_LINK,SPAM_FATIGUE_PENALTY,CREATE_PAYMENT_LINK,AUTO_EXECUTE,RECOVERED,958.00,ATTRIBUTED_INTERVENTION
787,pay_synth_20260825_787,evt_synth_20260825_787,card,2017.35,"BAD_REQUEST",0.94,true,false,NO_ACTION,UNRECOVERED,CREATE_PAYMENT_LINK,AUTO_EXECUTE,LINK_EXPIRED_UNPAID,1144.00,NONE
788,pay_synth_20260825_788,evt_synth_20260825_788,card,1524.26,"AUTHENTICATION_ERROR",0.81,true,false,DISPATCH_PAYMENT_LINK,RECOVERED,CREATE_PAYMENT_LINK,AUTO_EXECUTE,RECOVERED,1210.00,ATTRIBUTED_INTERVENTION
789,pay_synth_20260825_789,evt_synth_20260825_789,netbanking,2313.67,"BAD_REQUEST",0.70,true,false,NO_ACTION,UNRECOVERED,CREATE_PAYMENT_LINK,AUTO_EXECUTE,LINK_EXPIRED_UNPAID,1312.00,NONE
790,pay_synth_20260825_790,evt_synth_20260825_790,netbanking,1328.27,"GATEWAY_ERROR",0.51,true,false,DISPATCH_PAYMENT_LINK,UNRECOVERED,CREATE_PAYMENT_LINK,AUTO_EXECUTE,LINK_EXPIRED_UNPAID,978.00,NONE
791,pay_synth_20260825_791,evt_synth_20260825_791,card,3586.42,"BAD_REQUEST",0.38,true,false,NO_ACTION,UNRECOVERED,CREATE_PAYMENT_LINK,AUTO_EXECUTE,LINK_EXPIRED_UNPAID,2038.00,NONE
792,pay_synth_20260825_792,evt_synth_20260825_792,netbanking,31827.54,"BANK_TIMEOUT",0.77,true,false,DISPATCH_PAYMENT_LINK,RECOVERED,ESCALATE_TO_OPS,ESCALATE_HUMAN,HUMAN_APPROVED_RECOVERED,24666.00,ATTRIBUTED_INTERVENTION
793,pay_synth_20260825_793,evt_synth_20260825_793,upi,3368.78,"CHECKOUT_ABANDONMENT",0.80,true,false,DISPATCH_PAYMENT_LINK,UNRECOVERED,CREATE_PAYMENT_LINK,AUTO_EXECUTE,LINK_EXPIRED_UNPAID,1607.00,NONE
794,pay_synth_20260825_794,evt_synth_20260825_794,netbanking,1563.63,"BAD_REQUEST",0.91,true,false,NO_ACTION,UNRECOVERED,CREATE_PAYMENT_LINK,AUTO_EXECUTE,LINK_EXPIRED_UNPAID,885.00,NONE
795,pay_synth_20260825_795,evt_synth_20260825_795,upi,1401.24,"GATEWAY_ERROR",0.88,true,false,DISPATCH_PAYMENT_LINK,RECOVERED,CREATE_PAYMENT_LINK,AUTO_EXECUTE,RECOVERED,1032.00,ATTRIBUTED_INTERVENTION
796,pay_synth_20260825_796,evt_synth_20260825_796,upi,600.59,"CHECKOUT_ABANDONMENT",0.76,true,false,NO_ACTION,UNRECOVERED,CREATE_PAYMENT_LINK,AUTO_EXECUTE,LINK_EXPIRED_UNPAID,281.00,NONE
797,pay_synth_20260825_797,evt_synth_20260825_797,upi,3182.33,"CHECKOUT_ABANDONMENT",0.86,true,false,DISPATCH_PAYMENT_LINK,UNRECOVERED,CREATE_PAYMENT_LINK,AUTO_EXECUTE,LINK_EXPIRED_UNPAID,1517.00,NONE
798,pay_synth_20260825_798,evt_synth_20260825_798,netbanking,2215.72,"UPI_APP_TIMEOUT",0.85,true,false,DISPATCH_PAYMENT_LINK,UNRECOVERED,CREATE_PAYMENT_LINK,AUTO_EXECUTE,LINK_EXPIRED_UNPAID,1560.00,NONE
799,pay_synth_20260825_799,evt_synth_20260825_799,netbanking,1752.10,"UPI_APP_TIMEOUT",0.31,true,false,DISPATCH_PAYMENT_LINK,SPAM_FATIGUE_PENALTY,CREATE_PAYMENT_LINK,AUTO_EXECUTE,RECOVERED,1232.00,ATTRIBUTED_INTERVENTION
800,pay_synth_20260825_800,evt_synth_20260825_800,upi,3027.74,"BANK_TIMEOUT",0.71,true,true,DISPATCH_PAYMENT_LINK,UNRECOVERED,CREATE_PAYMENT_LINK,AUTO_EXECUTE,LINK_EXPIRED_UNPAID,2341.00,NONE
801,pay_synth_20260825_801,evt_synth_20260825_801,netbanking,62576.28,"BANK_TIMEOUT",0.60,true,true,DISPATCH_PAYMENT_LINK,RECOVERED,ESCALATE_TO_OPS,ESCALATE_HUMAN,PENDING_HUMAN_OPS,48503.00,NONE
802,pay_synth_20260825_802,evt_synth_20260825_802,netbanking,1315.87,"BANK_TIMEOUT",0.57,true,true,DISPATCH_PAYMENT_LINK,UNRECOVERED,CREATE_PAYMENT_LINK,AUTO_EXECUTE,LINK_EXPIRED_UNPAID,1014.00,NONE
803,pay_synth_20260825_803,evt_synth_20260825_803,card,2299.71,"GATEWAY_ERROR",0.65,true,true,DISPATCH_PAYMENT_LINK,UNRECOVERED,CREATE_PAYMENT_LINK,AUTO_EXECUTE,LINK_EXPIRED_UNPAID,1698.00,NONE
804,pay_synth_20260825_804,evt_synth_20260825_804,netbanking,459.19,"CHECKOUT_ABANDONMENT",0.67,true,true,NO_ACTION,UNRECOVERED,CREATE_PAYMENT_LINK,AUTO_EXECUTE,LINK_EXPIRED_UNPAID,214.00,NONE
805,pay_synth_20260825_805,evt_synth_20260825_805,netbanking,1092.93,"GATEWAY_ERROR",0.64,true,true,DISPATCH_PAYMENT_LINK,UNRECOVERED,CREATE_PAYMENT_LINK,AUTO_EXECUTE,LINK_EXPIRED_UNPAID,804.00,NONE
806,pay_synth_20260825_806,evt_synth_20260825_806,netbanking,15696.51,"BANK_TIMEOUT",0.73,true,true,DISPATCH_PAYMENT_LINK,RECOVERED,CREATE_PAYMENT_LINK,AUTO_EXECUTE,RECOVERED,12162.00,ATTRIBUTED_INTERVENTION
807,pay_synth_20260825_807,evt_synth_20260825_807,netbanking,31406.16,"GATEWAY_ERROR",0.43,false,true,DISPATCH_PAYMENT_LINK,SPAM_FATIGUE_PENALTY,ESCALATE_TO_OPS,ESCALATE_HUMAN,PENDING_HUMAN_OPS,23266.00,NONE
808,pay_synth_20260825_808,evt_synth_20260825_808,netbanking,61336.06,"BAD_REQUEST",0.82,true,true,NO_ACTION,UNRECOVERED,ESCALATE_TO_OPS,ESCALATE_HUMAN,HUMAN_APPROVED_UNPAID,34955.00,NONE
809,pay_synth_20260825_809,evt_synth_20260825_809,netbanking,3389.18,"AUTHENTICATION_ERROR",0.61,true,true,DISPATCH_PAYMENT_LINK,UNRECOVERED,CREATE_PAYMENT_LINK,AUTO_EXECUTE,LINK_EXPIRED_UNPAID,2698.00,NONE
810,pay_synth_20260825_810,evt_synth_20260825_810,upi,2148.43,"CHECKOUT_ABANDONMENT",0.69,true,true,DISPATCH_PAYMENT_LINK,UNRECOVERED,CREATE_PAYMENT_LINK,AUTO_EXECUTE,LINK_EXPIRED_UNPAID,1022.00,NONE
811,pay_synth_20260825_811,evt_synth_20260825_811,card,2569.41,"AUTHENTICATION_ERROR",0.57,true,true,DISPATCH_PAYMENT_LINK,RECOVERED,CREATE_PAYMENT_LINK,AUTO_EXECUTE,RECOVERED,2044.00,ATTRIBUTED_INTERVENTION
812,pay_synth_20260825_812,evt_synth_20260825_812,netbanking,13479.86,"BAD_REQUEST",0.55,true,true,NO_ACTION,UNRECOVERED,CREATE_PAYMENT_LINK,AUTO_EXECUTE,LINK_EXPIRED_UNPAID,7677.00,NONE
813,pay_synth_20260825_813,evt_synth_20260825_813,netbanking,3385.09,"AUTHENTICATION_ERROR",0.92,true,true,DISPATCH_PAYMENT_LINK,RECOVERED,CREATE_PAYMENT_LINK,AUTO_EXECUTE,RECOVERED,2695.00,ATTRIBUTED_INTERVENTION
814,pay_synth_20260825_814,evt_synth_20260825_814,upi,3433.21,"UPI_APP_TIMEOUT",0.62,true,true,DISPATCH_PAYMENT_LINK,RECOVERED,CREATE_PAYMENT_LINK,AUTO_EXECUTE,RECOVERED,2420.00,ATTRIBUTED_INTERVENTION
815,pay_synth_20260825_815,evt_synth_20260825_815,card,715.31,"GATEWAY_ERROR",0.40,true,true,NO_ACTION,UNRECOVERED,CREATE_PAYMENT_LINK,AUTO_EXECUTE,RECOVERED,524.00,ATTRIBUTED_INTERVENTION
816,pay_synth_20260825_816,evt_synth_20260825_816,upi,1791.95,"BANK_TIMEOUT",0.77,true,true,DISPATCH_PAYMENT_LINK,RECOVERED,CREATE_PAYMENT_LINK,AUTO_EXECUTE,RECOVERED,1383.00,ATTRIBUTED_INTERVENTION
817,pay_synth_20260825_817,evt_synth_20260825_817,netbanking,75809.11,"BAD_REQUEST",0.59,true,true,NO_ACTION,UNRECOVERED,ESCALATE_TO_OPS,ESCALATE_HUMAN,PENDING_HUMAN_OPS,43205.00,NONE
818,pay_synth_20260825_818,evt_synth_20260825_818,netbanking,667.88,"UPI_APP_TIMEOUT",0.72,true,true,NO_ACTION,UNRECOVERED,CREATE_PAYMENT_LINK,AUTO_EXECUTE,RECOVERED,466.00,ATTRIBUTED_INTERVENTION
819,pay_synth_20260825_819,evt_synth_20260825_819,netbanking,16113.51,"BANK_TIMEOUT",0.76,true,true,DISPATCH_PAYMENT_LINK,RECOVERED,CREATE_PAYMENT_LINK,AUTO_EXECUTE,RECOVERED,12485.00,ATTRIBUTED_INTERVENTION
820,pay_synth_20260825_820,evt_synth_20260825_820,upi,2935.69,"BANK_TIMEOUT",0.79,true,true,DISPATCH_PAYMENT_LINK,RECOVERED,CREATE_PAYMENT_LINK,AUTO_EXECUTE,RECOVERED,2269.00,ATTRIBUTED_INTERVENTION
821,pay_synth_20260825_821,evt_synth_20260825_821,upi,15445.63,"GATEWAY_ERROR",0.37,true,true,DISPATCH_PAYMENT_LINK,SPAM_FATIGUE_PENALTY,CREATE_PAYMENT_LINK,AUTO_EXECUTE,LINK_EXPIRED_UNPAID,11439.00,NONE
822,pay_synth_20260825_822,evt_synth_20260825_822,upi,2736.70,"AUTHENTICATION_ERROR",0.65,true,true,DISPATCH_PAYMENT_LINK,UNRECOVERED,CREATE_PAYMENT_LINK,AUTO_EXECUTE,LINK_EXPIRED_UNPAID,2178.00,NONE
823,pay_synth_20260825_823,evt_synth_20260825_823,upi,12059.33,"AUTHENTICATION_ERROR",0.49,true,true,DISPATCH_PAYMENT_LINK,UNRECOVERED,CREATE_PAYMENT_LINK,AUTO_EXECUTE,LINK_EXPIRED_UNPAID,9617.00,NONE
824,pay_synth_20260825_824,evt_synth_20260825_824,upi,2887.28,"BANK_TIMEOUT",0.66,true,true,DISPATCH_PAYMENT_LINK,RECOVERED,CREATE_PAYMENT_LINK,AUTO_EXECUTE,RECOVERED,2232.00,ATTRIBUTED_INTERVENTION
825,pay_synth_20260825_825,evt_synth_20260825_825,netbanking,2791.00,"UPI_APP_TIMEOUT",0.92,true,true,DISPATCH_PAYMENT_LINK,UNRECOVERED,CREATE_PAYMENT_LINK,AUTO_EXECUTE,LINK_EXPIRED_UNPAID,1966.00,NONE
826,pay_synth_20260825_826,evt_synth_20260825_826,card,1091.20,"BAD_REQUEST",0.32,true,true,NO_ACTION,UNRECOVERED,CREATE_PAYMENT_LINK,AUTO_EXECUTE,LINK_EXPIRED_UNPAID,616.00,NONE
827,pay_synth_20260825_827,evt_synth_20260825_827,card,3090.65,"CHECKOUT_ABANDONMENT",0.72,true,true,DISPATCH_PAYMENT_LINK,UNRECOVERED,CREATE_PAYMENT_LINK,AUTO_EXECUTE,LINK_EXPIRED_UNPAID,1474.00,NONE
828,pay_synth_20260825_828,evt_synth_20260825_828,netbanking,620.11,"AUTHENTICATION_ERROR",0.58,true,true,NO_ACTION,UNRECOVERED,CREATE_PAYMENT_LINK,AUTO_EXECUTE,RECOVERED,489.00,ATTRIBUTED_INTERVENTION
829,pay_synth_20260825_829,evt_synth_20260825_829,upi,4546.05,"CHECKOUT_ABANDONMENT",0.80,true,true,DISPATCH_PAYMENT_LINK,RECOVERED,CREATE_PAYMENT_LINK,AUTO_EXECUTE,RECOVERED,2170.00,ATTRIBUTED_INTERVENTION
830,pay_synth_20260825_830,evt_synth_20260825_830,card,1219.44,"BANK_TIMEOUT",0.52,true,true,DISPATCH_PAYMENT_LINK,RECOVERED,CREATE_PAYMENT_LINK,AUTO_EXECUTE,RECOVERED,939.00,ATTRIBUTED_INTERVENTION
831,pay_synth_20260825_831,evt_synth_20260825_831,netbanking,1122.12,"AUTHENTICATION_ERROR",0.57,true,true,DISPATCH_PAYMENT_LINK,RECOVERED,CREATE_PAYMENT_LINK,AUTO_EXECUTE,RECOVERED,889.00,ATTRIBUTED_INTERVENTION
832,pay_synth_20260825_832,evt_synth_20260825_832,card,3417.17,"BAD_REQUEST",0.51,true,true,NO_ACTION,UNRECOVERED,CREATE_PAYMENT_LINK,AUTO_EXECUTE,LINK_EXPIRED_UNPAID,1941.00,NONE
833,pay_synth_20260825_833,evt_synth_20260825_833,card,63960.50,"BANK_TIMEOUT",0.42,true,true,DISPATCH_PAYMENT_LINK,UNRECOVERED,ESCALATE_TO_OPS,ESCALATE_HUMAN,PENDING_HUMAN_OPS,49576.00,NONE
834,pay_synth_20260825_834,evt_synth_20260825_834,netbanking,1227.35,"BAD_REQUEST",0.61,true,true,NO_ACTION,UNRECOVERED,CREATE_PAYMENT_LINK,AUTO_EXECUTE,LINK_EXPIRED_UNPAID,693.00,NONE
835,pay_synth_20260825_835,evt_synth_20260825_835,netbanking,1364.42,"BANK_TIMEOUT",0.56,true,true,DISPATCH_PAYMENT_LINK,RECOVERED,CREATE_PAYMENT_LINK,AUTO_EXECUTE,RECOVERED,1051.00,ATTRIBUTED_INTERVENTION
836,pay_synth_20260825_836,evt_synth_20260825_836,netbanking,1355.91,"GATEWAY_ERROR",0.63,true,true,DISPATCH_PAYMENT_LINK,RECOVERED,CREATE_PAYMENT_LINK,AUTO_EXECUTE,RECOVERED,998.00,ATTRIBUTED_INTERVENTION
837,pay_synth_20260825_837,evt_synth_20260825_837,upi,831.28,"BANK_TIMEOUT",0.61,true,true,NO_ACTION,UNRECOVERED,CREATE_PAYMENT_LINK,AUTO_EXECUTE,LINK_EXPIRED_UNPAID,638.00,NONE
838,pay_synth_20260825_838,evt_synth_20260825_838,netbanking,1759.20,"BANK_TIMEOUT",0.41,true,true,DISPATCH_PAYMENT_LINK,RECOVERED,CREATE_PAYMENT_LINK,AUTO_EXECUTE,RECOVERED,1357.00,ATTRIBUTED_INTERVENTION
839,pay_synth_20260825_839,evt_synth_20260825_839,upi,10710.95,"GATEWAY_ERROR",0.40,true,true,DISPATCH_PAYMENT_LINK,UNRECOVERED,CREATE_PAYMENT_LINK,AUTO_EXECUTE,LINK_EXPIRED_UNPAID,7931.00,NONE
840,pay_synth_20260825_840,evt_synth_20260825_840,netbanking,556.59,"BAD_REQUEST",0.70,true,true,NO_ACTION,UNRECOVERED,CREATE_PAYMENT_LINK,AUTO_EXECUTE,LINK_EXPIRED_UNPAID,311.00,NONE
841,pay_synth_20260825_841,evt_synth_20260825_841,netbanking,3454.01,"GATEWAY_ERROR",0.38,true,true,DISPATCH_PAYMENT_LINK,SPAM_FATIGUE_PENALTY,CREATE_PAYMENT_LINK,AUTO_EXECUTE,RECOVERED,2553.00,ATTRIBUTED_INTERVENTION
842,pay_synth_20260825_842,evt_synth_20260825_842,upi,979.93,"AUTHENTICATION_ERROR",0.90,true,true,NO_ACTION,UNRECOVERED,CREATE_PAYMENT_LINK,AUTO_EXECUTE,LINK_EXPIRED_UNPAID,776.00,NONE
843,pay_synth_20260825_843,evt_synth_20260825_843,netbanking,22726.11,"CHECKOUT_ABANDONMENT",0.37,true,true,DISPATCH_PAYMENT_LINK,SPAM_FATIGUE_PENALTY,CREATE_PAYMENT_LINK,AUTO_EXECUTE,LINK_EXPIRED_UNPAID,10875.00,NONE
844,pay_synth_20260825_844,evt_synth_20260825_844,netbanking,491.36,"GATEWAY_ERROR",0.40,true,true,NO_ACTION,UNRECOVERED,CREATE_PAYMENT_LINK,AUTO_EXECUTE,RECOVERED,358.00,ATTRIBUTED_INTERVENTION
845,pay_synth_20260825_845,evt_synth_20260825_845,card,1296.27,"BANK_TIMEOUT",0.61,true,true,DISPATCH_PAYMENT_LINK,RECOVERED,CREATE_PAYMENT_LINK,AUTO_EXECUTE,RECOVERED,999.00,ATTRIBUTED_INTERVENTION
846,pay_synth_20260825_846,evt_synth_20260825_846,netbanking,5179.52,"BANK_TIMEOUT",0.42,true,true,DISPATCH_PAYMENT_LINK,RECOVERED,CREATE_PAYMENT_LINK,AUTO_EXECUTE,RECOVERED,4009.00,ATTRIBUTED_INTERVENTION
847,pay_synth_20260825_847,evt_synth_20260825_847,netbanking,981.65,"AUTHENTICATION_ERROR",0.46,true,true,NO_ACTION,UNRECOVERED,CREATE_PAYMENT_LINK,AUTO_EXECUTE,RECOVERED,777.00,ATTRIBUTED_INTERVENTION
848,pay_synth_20260825_848,evt_synth_20260825_848,card,94416.56,"BANK_TIMEOUT",0.72,false,true,DISPATCH_PAYMENT_LINK,SPAM_FATIGUE_PENALTY,ESCALATE_TO_OPS,ESCALATE_HUMAN,HUMAN_APPROVED_RECOVERED,73185.00,ATTRIBUTED_INTERVENTION
849,pay_synth_20260825_849,evt_synth_20260825_849,card,2879.27,"BANK_TIMEOUT",0.35,true,true,DISPATCH_PAYMENT_LINK,SPAM_FATIGUE_PENALTY,CREATE_PAYMENT_LINK,AUTO_EXECUTE,LINK_EXPIRED_UNPAID,2226.00,NONE
850,pay_synth_20260825_850,evt_synth_20260825_850,upi,190.20,"GATEWAY_ERROR",0.58,true,true,NO_ACTION,UNRECOVERED,CREATE_PAYMENT_LINK,AUTO_EXECUTE,LINK_EXPIRED_UNPAID,135.00,NONE
851,pay_synth_20260825_851,evt_synth_20260825_851,netbanking,1044.69,"CHECKOUT_ABANDONMENT",0.57,true,true,DISPATCH_PAYMENT_LINK,UNRECOVERED,CREATE_PAYMENT_LINK,AUTO_EXECUTE,LINK_EXPIRED_UNPAID,494.00,NONE
852,pay_synth_20260825_852,evt_synth_20260825_852,card,3494.23,"BAD_REQUEST",0.73,true,true,NO_ACTION,UNRECOVERED,CREATE_PAYMENT_LINK,AUTO_EXECUTE,LINK_EXPIRED_UNPAID,1985.00,NONE
853,pay_synth_20260825_853,evt_synth_20260825_853,card,1096.37,"BAD_REQUEST",0.61,true,true,NO_ACTION,UNRECOVERED,CREATE_PAYMENT_LINK,AUTO_EXECUTE,LINK_EXPIRED_UNPAID,619.00,NONE
854,pay_synth_20260825_854,evt_synth_20260825_854,upi,2432.68,"AUTHENTICATION_ERROR",0.86,true,true,DISPATCH_PAYMENT_LINK,UNRECOVERED,CREATE_PAYMENT_LINK,AUTO_EXECUTE,LINK_EXPIRED_UNPAID,1935.00,NONE
855,pay_synth_20260825_855,evt_synth_20260825_855,card,8616.22,"BAD_REQUEST",0.59,true,true,NO_ACTION,UNRECOVERED,CREATE_PAYMENT_LINK,AUTO_EXECUTE,RECOVERED,4905.00,ATTRIBUTED_INTERVENTION
856,pay_synth_20260825_856,evt_synth_20260825_856,card,6441.97,"BAD_REQUEST",0.60,true,true,NO_ACTION,UNRECOVERED,CREATE_PAYMENT_LINK,AUTO_EXECUTE,RECOVERED,3666.00,ATTRIBUTED_INTERVENTION
857,pay_synth_20260825_857,evt_synth_20260825_857,upi,905.63,"CHECKOUT_ABANDONMENT",0.61,true,true,NO_ACTION,UNRECOVERED,CREATE_PAYMENT_LINK,AUTO_EXECUTE,LINK_EXPIRED_UNPAID,427.00,NONE
858,pay_synth_20260825_858,evt_synth_20260825_858,upi,58.91,"AUTHENTICATION_ERROR",0.34,true,true,NO_ACTION,UNRECOVERED,CREATE_PAYMENT_LINK,AUTO_EXECUTE,RECOVERED,41.00,ATTRIBUTED_INTERVENTION
859,pay_synth_20260825_859,evt_synth_20260825_859,netbanking,1372.99,"BANK_TIMEOUT",0.67,true,true,DISPATCH_PAYMENT_LINK,RECOVERED,CREATE_PAYMENT_LINK,AUTO_EXECUTE,RECOVERED,1058.00,ATTRIBUTED_INTERVENTION
860,pay_synth_20260825_860,evt_synth_20260825_860,card,3251.65,"BANK_TIMEOUT",0.82,true,true,DISPATCH_PAYMENT_LINK,RECOVERED,CREATE_PAYMENT_LINK,AUTO_EXECUTE,RECOVERED,2514.00,ATTRIBUTED_INTERVENTION
861,pay_synth_20260825_861,evt_synth_20260825_861,upi,2196.86,"CHECKOUT_ABANDONMENT",0.38,true,true,DISPATCH_PAYMENT_LINK,SPAM_FATIGUE_PENALTY,CREATE_PAYMENT_LINK,AUTO_EXECUTE,LINK_EXPIRED_UNPAID,1046.00,NONE
862,pay_synth_20260825_862,evt_synth_20260825_862,card,3111.54,"GATEWAY_ERROR",0.36,true,true,DISPATCH_PAYMENT_LINK,SPAM_FATIGUE_PENALTY,CREATE_PAYMENT_LINK,AUTO_EXECUTE,RECOVERED,2299.00,ATTRIBUTED_INTERVENTION
863,pay_synth_20260825_863,evt_synth_20260825_863,upi,80955.03,"GATEWAY_ERROR",0.40,true,true,DISPATCH_PAYMENT_LINK,RECOVERED,ESCALATE_TO_OPS,ESCALATE_HUMAN,PENDING_HUMAN_OPS,59981.00,NONE
864,pay_synth_20260825_864,evt_synth_20260825_864,netbanking,3055.46,"GATEWAY_ERROR",0.79,true,true,DISPATCH_PAYMENT_LINK,RECOVERED,CREATE_PAYMENT_LINK,AUTO_EXECUTE,RECOVERED,2258.00,ATTRIBUTED_INTERVENTION
865,pay_synth_20260825_865,evt_synth_20260825_865,card,2578.63,"BANK_TIMEOUT",0.88,true,true,DISPATCH_PAYMENT_LINK,UNRECOVERED,CREATE_PAYMENT_LINK,AUTO_EXECUTE,LINK_EXPIRED_UNPAID,1993.00,NONE
866,pay_synth_20260825_866,evt_synth_20260825_866,upi,371.38,"BANK_TIMEOUT",0.83,true,true,NO_ACTION,UNRECOVERED,CREATE_PAYMENT_LINK,AUTO_EXECUTE,RECOVERED,282.00,ATTRIBUTED_INTERVENTION
867,pay_synth_20260825_867,evt_synth_20260825_867,netbanking,77101.98,"UPI_APP_TIMEOUT",0.50,true,true,DISPATCH_PAYMENT_LINK,RECOVERED,ESCALATE_TO_OPS,ESCALATE_HUMAN,PENDING_HUMAN_OPS,54489.00,NONE
868,pay_synth_20260825_868,evt_synth_20260825_868,netbanking,16840.12,"UPI_APP_TIMEOUT",0.66,true,true,DISPATCH_PAYMENT_LINK,RECOVERED,CREATE_PAYMENT_LINK,AUTO_EXECUTE,RECOVERED,11896.00,ATTRIBUTED_INTERVENTION
869,pay_synth_20260825_869,evt_synth_20260825_869,card,3244.53,"AUTHENTICATION_ERROR",0.67,true,true,DISPATCH_PAYMENT_LINK,RECOVERED,CREATE_PAYMENT_LINK,AUTO_EXECUTE,RECOVERED,2583.00,ATTRIBUTED_INTERVENTION
870,pay_synth_20260825_870,evt_synth_20260825_870,card,1664.49,"AUTHENTICATION_ERROR",0.64,true,true,DISPATCH_PAYMENT_LINK,UNRECOVERED,CREATE_PAYMENT_LINK,AUTO_EXECUTE,LINK_EXPIRED_UNPAID,1322.00,NONE
871,pay_synth_20260825_871,evt_synth_20260825_871,netbanking,2804.69,"BAD_REQUEST",0.88,true,true,NO_ACTION,UNRECOVERED,CREATE_PAYMENT_LINK,AUTO_EXECUTE,RECOVERED,1592.00,ATTRIBUTED_INTERVENTION
872,pay_synth_20260825_872,evt_synth_20260825_872,card,603.72,"UPI_APP_TIMEOUT",0.71,true,true,NO_ACTION,UNRECOVERED,CREATE_PAYMENT_LINK,AUTO_EXECUTE,RECOVERED,420.00,ATTRIBUTED_INTERVENTION
873,pay_synth_20260825_873,evt_synth_20260825_873,upi,10371.18,"BAD_REQUEST",0.40,true,true,NO_ACTION,UNRECOVERED,CREATE_PAYMENT_LINK,AUTO_EXECUTE,LINK_EXPIRED_UNPAID,5905.00,NONE
874,pay_synth_20260825_874,evt_synth_20260825_874,card,62.77,"BAD_REQUEST",0.59,true,true,NO_ACTION,UNRECOVERED,CREATE_PAYMENT_LINK,AUTO_EXECUTE,RECOVERED,29.00,ATTRIBUTED_INTERVENTION
875,pay_synth_20260825_875,evt_synth_20260825_875,netbanking,404.39,"BANK_TIMEOUT",0.34,true,true,NO_ACTION,UNRECOVERED,CREATE_PAYMENT_LINK,AUTO_EXECUTE,LINK_EXPIRED_UNPAID,307.00,NONE
876,pay_synth_20260825_876,evt_synth_20260825_876,upi,9007.26,"UPI_APP_TIMEOUT",0.60,true,true,DISPATCH_PAYMENT_LINK,RECOVERED,CREATE_PAYMENT_LINK,AUTO_EXECUTE,RECOVERED,6360.00,ATTRIBUTED_INTERVENTION
877,pay_synth_20260825_877,evt_synth_20260825_877,card,2047.58,"UPI_APP_TIMEOUT",0.73,true,true,DISPATCH_PAYMENT_LINK,UNRECOVERED,CREATE_PAYMENT_LINK,AUTO_EXECUTE,LINK_EXPIRED_UNPAID,1441.00,NONE
878,pay_synth_20260825_878,evt_synth_20260825_878,upi,2952.79,"AUTHENTICATION_ERROR",0.44,true,true,DISPATCH_PAYMENT_LINK,RECOVERED,CREATE_PAYMENT_LINK,AUTO_EXECUTE,RECOVERED,2350.00,ATTRIBUTED_INTERVENTION
879,pay_synth_20260825_879,evt_synth_20260825_879,netbanking,426.74,"UPI_APP_TIMEOUT",0.75,true,true,NO_ACTION,UNRECOVERED,CREATE_PAYMENT_LINK,AUTO_EXECUTE,LINK_EXPIRED_UNPAID,295.00,NONE
880,pay_synth_20260825_880,evt_synth_20260825_880,card,1838.92,"GATEWAY_ERROR",0.79,true,true,DISPATCH_PAYMENT_LINK,UNRECOVERED,CREATE_PAYMENT_LINK,AUTO_EXECUTE,LINK_EXPIRED_UNPAID,1356.00,NONE
881,pay_synth_20260825_881,evt_synth_20260825_881,card,437.60,"AUTHENTICATION_ERROR",0.57,true,true,NO_ACTION,UNRECOVERED,CREATE_PAYMENT_LINK,AUTO_EXECUTE,LINK_EXPIRED_UNPAID,343.00,NONE
882,pay_synth_20260825_882,evt_synth_20260825_882,upi,3385.97,"CHECKOUT_ABANDONMENT",0.59,true,true,DISPATCH_PAYMENT_LINK,UNRECOVERED,CREATE_PAYMENT_LINK,AUTO_EXECUTE,LINK_EXPIRED_UNPAID,1615.00,NONE
883,pay_synth_20260825_883,evt_synth_20260825_883,card,10971.27,"GATEWAY_ERROR",0.62,true,true,DISPATCH_PAYMENT_LINK,RECOVERED,CREATE_PAYMENT_LINK,AUTO_EXECUTE,RECOVERED,8123.00,ATTRIBUTED_INTERVENTION
884,pay_synth_20260825_884,evt_synth_20260825_884,netbanking,1703.59,"BANK_TIMEOUT",0.95,true,true,DISPATCH_PAYMENT_LINK,RECOVERED,CREATE_PAYMENT_LINK,AUTO_EXECUTE,RECOVERED,1314.00,ATTRIBUTED_INTERVENTION
885,pay_synth_20260825_885,evt_synth_20260825_885,card,19522.23,"BAD_REQUEST",0.81,true,true,NO_ACTION,UNRECOVERED,CREATE_PAYMENT_LINK,AUTO_EXECUTE,LINK_EXPIRED_UNPAID,11121.00,NONE
886,pay_synth_20260825_886,evt_synth_20260825_886,card,486.81,"BANK_TIMEOUT",0.48,true,true,NO_ACTION,UNRECOVERED,CREATE_PAYMENT_LINK,AUTO_EXECUTE,RECOVERED,371.00,ATTRIBUTED_INTERVENTION
887,pay_synth_20260825_887,evt_synth_20260825_887,card,3357.71,"AUTHENTICATION_ERROR",0.57,false,true,DISPATCH_PAYMENT_LINK,SPAM_FATIGUE_PENALTY,CREATE_PAYMENT_LINK,AUTO_EXECUTE,LINK_EXPIRED_UNPAID,2673.00,NONE
888,pay_synth_20260825_888,evt_synth_20260825_888,card,2425.93,"BAD_REQUEST",0.73,true,true,NO_ACTION,UNRECOVERED,CREATE_PAYMENT_LINK,AUTO_EXECUTE,LINK_EXPIRED_UNPAID,1376.00,NONE
889,pay_synth_20260825_889,evt_synth_20260825_889,netbanking,2523.02,"BAD_REQUEST",0.51,true,true,NO_ACTION,UNRECOVERED,CREATE_PAYMENT_LINK,AUTO_EXECUTE,LINK_EXPIRED_UNPAID,1432.00,NONE
890,pay_synth_20260825_890,evt_synth_20260825_890,card,8084.02,"GATEWAY_ERROR",0.69,true,true,DISPATCH_PAYMENT_LINK,RECOVERED,CREATE_PAYMENT_LINK,AUTO_EXECUTE,RECOVERED,5984.00,ATTRIBUTED_INTERVENTION
891,pay_synth_20260825_891,evt_synth_20260825_891,upi,404.85,"GATEWAY_ERROR",0.82,true,true,NO_ACTION,UNRECOVERED,CREATE_PAYMENT_LINK,AUTO_EXECUTE,LINK_EXPIRED_UNPAID,294.00,NONE
892,pay_synth_20260825_892,evt_synth_20260825_892,netbanking,2597.48,"UPI_APP_TIMEOUT",0.87,true,true,DISPATCH_PAYMENT_LINK,UNRECOVERED,CREATE_PAYMENT_LINK,AUTO_EXECUTE,LINK_EXPIRED_UNPAID,1830.00,NONE
893,pay_synth_20260825_893,evt_synth_20260825_893,netbanking,1214.32,"BANK_TIMEOUT",0.72,true,true,DISPATCH_PAYMENT_LINK,RECOVERED,CREATE_PAYMENT_LINK,AUTO_EXECUTE,RECOVERED,935.00,ATTRIBUTED_INTERVENTION
894,pay_synth_20260825_894,evt_synth_20260825_894,netbanking,705.47,"UPI_APP_TIMEOUT",0.57,true,true,NO_ACTION,UNRECOVERED,CREATE_PAYMENT_LINK,AUTO_EXECUTE,RECOVERED,492.00,ATTRIBUTED_INTERVENTION
895,pay_synth_20260825_895,evt_synth_20260825_895,card,80339.63,"BAD_REQUEST",0.70,true,true,NO_ACTION,UNRECOVERED,ESCALATE_TO_OPS,ESCALATE_HUMAN,PENDING_HUMAN_OPS,45787.00,NONE
896,pay_synth_20260825_896,evt_synth_20260825_896,card,2737.79,"BANK_TIMEOUT",0.48,true,true,DISPATCH_PAYMENT_LINK,RECOVERED,CREATE_PAYMENT_LINK,AUTO_EXECUTE,RECOVERED,2116.00,ATTRIBUTED_INTERVENTION
897,pay_synth_20260825_897,evt_synth_20260825_897,upi,2802.02,"UPI_APP_TIMEOUT",0.53,true,true,DISPATCH_PAYMENT_LINK,UNRECOVERED,CREATE_PAYMENT_LINK,AUTO_EXECUTE,LINK_EXPIRED_UNPAID,1974.00,NONE
898,pay_synth_20260825_898,evt_synth_20260825_898,card,1922.21,"BAD_REQUEST",0.86,true,true,NO_ACTION,UNRECOVERED,CREATE_PAYMENT_LINK,AUTO_EXECUTE,LINK_EXPIRED_UNPAID,1089.00,NONE
899,pay_synth_20260825_899,evt_synth_20260825_899,upi,3468.03,"GATEWAY_ERROR",0.94,true,true,DISPATCH_PAYMENT_LINK,RECOVERED,CREATE_PAYMENT_LINK,AUTO_EXECUTE,RECOVERED,2564.00,ATTRIBUTED_INTERVENTION
900,pay_synth_20260825_900,evt_synth_20260825_900,netbanking,2784.93,"BAD_REQUEST",0.53,false,true,NO_ACTION,UNRECOVERED,CREATE_PAYMENT_LINK,AUTO_EXECUTE,RECOVERED,1581.00,ATTRIBUTED_INTERVENTION
901,pay_synth_20260825_901,evt_synth_20260825_901,upi,449.67,"BANK_TIMEOUT",0.95,true,true,NO_ACTION,UNRECOVERED,CREATE_PAYMENT_LINK,AUTO_EXECUTE,LINK_EXPIRED_UNPAID,342.00,NONE
902,pay_synth_20260825_902,evt_synth_20260825_902,upi,706.25,"AUTHENTICATION_ERROR",0.82,true,true,NO_ACTION,UNRECOVERED,CREATE_PAYMENT_LINK,AUTO_EXECUTE,LINK_EXPIRED_UNPAID,557.00,NONE
903,pay_synth_20260825_903,evt_synth_20260825_903,upi,12805.88,"BANK_TIMEOUT",0.40,true,true,DISPATCH_PAYMENT_LINK,RECOVERED,CREATE_PAYMENT_LINK,AUTO_EXECUTE,RECOVERED,9921.00,ATTRIBUTED_INTERVENTION
904,pay_synth_20260825_904,evt_synth_20260825_904,card,1938.13,"UPI_APP_TIMEOUT",0.33,true,true,DISPATCH_PAYMENT_LINK,SPAM_FATIGUE_PENALTY,CREATE_PAYMENT_LINK,AUTO_EXECUTE,LINK_EXPIRED_UNPAID,1364.00,NONE
905,pay_synth_20260825_905,evt_synth_20260825_905,card,2001.48,"AUTHENTICATION_ERROR",0.60,true,true,DISPATCH_PAYMENT_LINK,RECOVERED,CREATE_PAYMENT_LINK,AUTO_EXECUTE,RECOVERED,1591.00,ATTRIBUTED_INTERVENTION
906,pay_synth_20260825_906,evt_synth_20260825_906,upi,14185.92,"AUTHENTICATION_ERROR",0.73,true,true,DISPATCH_PAYMENT_LINK,UNRECOVERED,CREATE_PAYMENT_LINK,AUTO_EXECUTE,LINK_EXPIRED_UNPAID,11314.00,NONE
907,pay_synth_20260825_907,evt_synth_20260825_907,upi,448.21,"AUTHENTICATION_ERROR",0.94,false,true,NO_ACTION,UNRECOVERED,CREATE_PAYMENT_LINK,AUTO_EXECUTE,RECOVERED,351.00,ATTRIBUTED_INTERVENTION
908,pay_synth_20260825_908,evt_synth_20260825_908,card,2886.43,"AUTHENTICATION_ERROR",0.74,true,true,DISPATCH_PAYMENT_LINK,UNRECOVERED,CREATE_PAYMENT_LINK,AUTO_EXECUTE,LINK_EXPIRED_UNPAID,2297.00,NONE
909,pay_synth_20260825_909,evt_synth_20260825_909,netbanking,1913.33,"UPI_APP_TIMEOUT",0.86,true,true,DISPATCH_PAYMENT_LINK,UNRECOVERED,CREATE_PAYMENT_LINK,AUTO_EXECUTE,LINK_EXPIRED_UNPAID,1346.00,NONE
910,pay_synth_20260825_910,evt_synth_20260825_910,netbanking,12829.60,"AUTHENTICATION_ERROR",0.76,true,true,DISPATCH_PAYMENT_LINK,RECOVERED,CREATE_PAYMENT_LINK,AUTO_EXECUTE,RECOVERED,10232.00,ATTRIBUTED_INTERVENTION
911,pay_synth_20260825_911,evt_synth_20260825_911,netbanking,2415.07,"UPI_APP_TIMEOUT",0.31,true,true,DISPATCH_PAYMENT_LINK,SPAM_FATIGUE_PENALTY,CREATE_PAYMENT_LINK,AUTO_EXECUTE,RECOVERED,1701.00,ATTRIBUTED_INTERVENTION
912,pay_synth_20260825_912,evt_synth_20260825_912,netbanking,2075.84,"UPI_APP_TIMEOUT",0.68,true,true,DISPATCH_PAYMENT_LINK,RECOVERED,CREATE_PAYMENT_LINK,AUTO_EXECUTE,RECOVERED,1461.00,ATTRIBUTED_INTERVENTION
913,pay_synth_20260825_913,evt_synth_20260825_913,card,1172.97,"GATEWAY_ERROR",0.85,true,true,DISPATCH_PAYMENT_LINK,RECOVERED,CREATE_PAYMENT_LINK,AUTO_EXECUTE,RECOVERED,863.00,ATTRIBUTED_INTERVENTION
914,pay_synth_20260825_914,evt_synth_20260825_914,upi,903.33,"UPI_APP_TIMEOUT",0.84,true,true,NO_ACTION,UNRECOVERED,CREATE_PAYMENT_LINK,AUTO_EXECUTE,RECOVERED,632.00,ATTRIBUTED_INTERVENTION
915,pay_synth_20260825_915,evt_synth_20260825_915,upi,143.77,"BANK_TIMEOUT",0.66,true,true,NO_ACTION,UNRECOVERED,CREATE_PAYMENT_LINK,AUTO_EXECUTE,RECOVERED,105.00,ATTRIBUTED_INTERVENTION
916,pay_synth_20260825_916,evt_synth_20260825_916,card,25229.22,"BANK_TIMEOUT",0.92,true,true,DISPATCH_PAYMENT_LINK,RECOVERED,ESCALATE_TO_OPS,ESCALATE_HUMAN,HUMAN_APPROVED_RECOVERED,19551.00,ATTRIBUTED_INTERVENTION
917,pay_synth_20260825_917,evt_synth_20260825_917,upi,393.00,"CHECKOUT_ABANDONMENT",0.79,true,true,NO_ACTION,UNRECOVERED,CREATE_PAYMENT_LINK,AUTO_EXECUTE,RECOVERED,182.00,ATTRIBUTED_INTERVENTION
918,pay_synth_20260825_918,evt_synth_20260825_918,card,1426.60,"GATEWAY_ERROR",0.63,true,true,DISPATCH_PAYMENT_LINK,RECOVERED,CREATE_PAYMENT_LINK,AUTO_EXECUTE,RECOVERED,1051.00,ATTRIBUTED_INTERVENTION
919,pay_synth_20260825_919,evt_synth_20260825_919,card,326.11,"GATEWAY_ERROR",0.70,true,true,NO_ACTION,UNRECOVERED,CREATE_PAYMENT_LINK,AUTO_EXECUTE,RECOVERED,235.00,ATTRIBUTED_INTERVENTION
920,pay_synth_20260825_920,evt_synth_20260825_920,netbanking,1336.33,"BANK_TIMEOUT",0.48,true,true,DISPATCH_PAYMENT_LINK,RECOVERED,CREATE_PAYMENT_LINK,AUTO_EXECUTE,RECOVERED,1030.00,ATTRIBUTED_INTERVENTION
921,pay_synth_20260825_921,evt_synth_20260825_921,card,958.12,"BANK_TIMEOUT",0.33,true,true,NO_ACTION,UNRECOVERED,CREATE_PAYMENT_LINK,AUTO_EXECUTE,LINK_EXPIRED_UNPAID,736.00,NONE
922,pay_synth_20260825_922,evt_synth_20260825_922,card,3344.63,"AUTHENTICATION_ERROR",0.30,true,true,DISPATCH_PAYMENT_LINK,SPAM_FATIGUE_PENALTY,CREATE_PAYMENT_LINK,AUTO_EXECUTE,LINK_EXPIRED_UNPAID,2663.00,NONE
923,pay_synth_20260825_923,evt_synth_20260825_923,card,3544.86,"GATEWAY_ERROR",0.53,true,true,DISPATCH_PAYMENT_LINK,RECOVERED,CREATE_PAYMENT_LINK,AUTO_EXECUTE,RECOVERED,2620.00,ATTRIBUTED_INTERVENTION
924,pay_synth_20260825_924,evt_synth_20260825_924,card,17471.92,"UPI_APP_TIMEOUT",0.65,false,true,DISPATCH_PAYMENT_LINK,SPAM_FATIGUE_PENALTY,CREATE_PAYMENT_LINK,AUTO_EXECUTE,RECOVERED,12343.00,ATTRIBUTED_INTERVENTION
925,pay_synth_20260825_925,evt_synth_20260825_925,upi,350.01,"BANK_TIMEOUT",0.70,true,true,NO_ACTION,UNRECOVERED,CREATE_PAYMENT_LINK,AUTO_EXECUTE,RECOVERED,265.00,ATTRIBUTED_INTERVENTION
926,pay_synth_20260825_926,evt_synth_20260825_926,card,2274.94,"UPI_APP_TIMEOUT",0.63,true,true,DISPATCH_PAYMENT_LINK,RECOVERED,CREATE_PAYMENT_LINK,AUTO_EXECUTE,RECOVERED,1602.00,ATTRIBUTED_INTERVENTION
927,pay_synth_20260825_927,evt_synth_20260825_927,upi,2947.09,"CHECKOUT_ABANDONMENT",0.59,true,true,DISPATCH_PAYMENT_LINK,RECOVERED,CREATE_PAYMENT_LINK,AUTO_EXECUTE,RECOVERED,1405.00,ATTRIBUTED_INTERVENTION
928,pay_synth_20260825_928,evt_synth_20260825_928,upi,2075.34,"UPI_APP_TIMEOUT",0.85,true,true,DISPATCH_PAYMENT_LINK,RECOVERED,CREATE_PAYMENT_LINK,AUTO_EXECUTE,RECOVERED,1461.00,ATTRIBUTED_INTERVENTION
929,pay_synth_20260825_929,evt_synth_20260825_929,card,8807.04,"AUTHENTICATION_ERROR",0.58,true,true,DISPATCH_PAYMENT_LINK,RECOVERED,CREATE_PAYMENT_LINK,AUTO_EXECUTE,RECOVERED,7022.00,ATTRIBUTED_INTERVENTION
930,pay_synth_20260825_930,evt_synth_20260825_930,netbanking,2995.58,"UPI_APP_TIMEOUT",0.85,true,true,DISPATCH_PAYMENT_LINK,UNRECOVERED,CREATE_PAYMENT_LINK,AUTO_EXECUTE,LINK_EXPIRED_UNPAID,2111.00,NONE
931,pay_synth_20260825_931,evt_synth_20260825_931,card,1603.69,"GATEWAY_ERROR",0.32,true,true,DISPATCH_PAYMENT_LINK,SPAM_FATIGUE_PENALTY,CREATE_PAYMENT_LINK,AUTO_EXECUTE,RECOVERED,1182.00,ATTRIBUTED_INTERVENTION
932,pay_synth_20260825_932,evt_synth_20260825_932,netbanking,3244.92,"BANK_TIMEOUT",0.94,true,true,DISPATCH_PAYMENT_LINK,RECOVERED,CREATE_PAYMENT_LINK,AUTO_EXECUTE,RECOVERED,2509.00,ATTRIBUTED_INTERVENTION
933,pay_synth_20260825_933,evt_synth_20260825_933,upi,1652.86,"BANK_TIMEOUT",0.69,true,true,DISPATCH_PAYMENT_LINK,UNRECOVERED,CREATE_PAYMENT_LINK,AUTO_EXECUTE,LINK_EXPIRED_UNPAID,1275.00,NONE
934,pay_synth_20260825_934,evt_synth_20260825_934,netbanking,902.86,"GATEWAY_ERROR",0.73,true,true,NO_ACTION,UNRECOVERED,CREATE_PAYMENT_LINK,AUTO_EXECUTE,RECOVERED,663.00,ATTRIBUTED_INTERVENTION
935,pay_synth_20260825_935,evt_synth_20260825_935,upi,2234.31,"GATEWAY_ERROR",0.85,true,true,DISPATCH_PAYMENT_LINK,RECOVERED,CREATE_PAYMENT_LINK,AUTO_EXECUTE,RECOVERED,1649.00,ATTRIBUTED_INTERVENTION
936,pay_synth_20260825_936,evt_synth_20260825_936,netbanking,8833.34,"BANK_TIMEOUT",0.69,true,true,DISPATCH_PAYMENT_LINK,RECOVERED,CREATE_PAYMENT_LINK,AUTO_EXECUTE,RECOVERED,6841.00,ATTRIBUTED_INTERVENTION
937,pay_synth_20260825_937,evt_synth_20260825_937,card,18465.67,"GATEWAY_ERROR",0.91,true,true,DISPATCH_PAYMENT_LINK,UNRECOVERED,CREATE_PAYMENT_LINK,AUTO_EXECUTE,LINK_EXPIRED_UNPAID,13677.00,NONE
938,pay_synth_20260825_938,evt_synth_20260825_938,netbanking,2029.69,"CHECKOUT_ABANDONMENT",0.92,true,true,DISPATCH_PAYMENT_LINK,UNRECOVERED,CREATE_PAYMENT_LINK,AUTO_EXECUTE,LINK_EXPIRED_UNPAID,966.00,NONE
939,pay_synth_20260825_939,evt_synth_20260825_939,upi,37.34,"CHECKOUT_ABANDONMENT",0.77,true,true,NO_ACTION,UNRECOVERED,NO_ACTION,REJECT,SUPPRESSED_BY_POLICY,12.00,NONE
940,pay_synth_20260825_940,evt_synth_20260825_940,card,1499.87,"UPI_APP_TIMEOUT",0.89,true,true,DISPATCH_PAYMENT_LINK,RECOVERED,CREATE_PAYMENT_LINK,AUTO_EXECUTE,RECOVERED,1054.00,ATTRIBUTED_INTERVENTION
941,pay_synth_20260825_941,evt_synth_20260825_941,upi,324.84,"AUTHENTICATION_ERROR",0.33,true,true,NO_ACTION,UNRECOVERED,CREATE_PAYMENT_LINK,AUTO_EXECUTE,LINK_EXPIRED_UNPAID,253.00,NONE
942,pay_synth_20260825_942,evt_synth_20260825_942,upi,3093.07,"UPI_APP_TIMEOUT",0.88,true,true,DISPATCH_PAYMENT_LINK,RECOVERED,CREATE_PAYMENT_LINK,AUTO_EXECUTE,RECOVERED,2180.00,ATTRIBUTED_INTERVENTION
943,pay_synth_20260825_943,evt_synth_20260825_943,card,577.65,"AUTHENTICATION_ERROR",0.33,true,true,NO_ACTION,UNRECOVERED,CREATE_PAYMENT_LINK,AUTO_EXECUTE,LINK_EXPIRED_UNPAID,455.00,NONE
944,pay_synth_20260825_944,evt_synth_20260825_944,netbanking,2693.43,"CHECKOUT_ABANDONMENT",0.72,true,true,DISPATCH_PAYMENT_LINK,RECOVERED,CREATE_PAYMENT_LINK,AUTO_EXECUTE,RECOVERED,1283.00,ATTRIBUTED_INTERVENTION
945,pay_synth_20260825_945,evt_synth_20260825_945,netbanking,3353.21,"GATEWAY_ERROR",0.65,true,true,DISPATCH_PAYMENT_LINK,UNRECOVERED,CREATE_PAYMENT_LINK,AUTO_EXECUTE,LINK_EXPIRED_UNPAID,2478.00,NONE
946,pay_synth_20260825_946,evt_synth_20260825_946,netbanking,485.32,"UPI_APP_TIMEOUT",0.77,true,true,NO_ACTION,UNRECOVERED,CREATE_PAYMENT_LINK,AUTO_EXECUTE,RECOVERED,337.00,ATTRIBUTED_INTERVENTION
947,pay_synth_20260825_947,evt_synth_20260825_947,upi,3186.44,"BAD_REQUEST",0.79,true,true,NO_ACTION,UNRECOVERED,CREATE_PAYMENT_LINK,AUTO_EXECUTE,LINK_EXPIRED_UNPAID,1810.00,NONE
948,pay_synth_20260825_948,evt_synth_20260825_948,card,934.62,"BAD_REQUEST",0.59,true,true,NO_ACTION,UNRECOVERED,CREATE_PAYMENT_LINK,AUTO_EXECUTE,LINK_EXPIRED_UNPAID,526.00,NONE
949,pay_synth_20260825_949,evt_synth_20260825_949,netbanking,18748.31,"BANK_TIMEOUT",0.69,false,true,DISPATCH_PAYMENT_LINK,SPAM_FATIGUE_PENALTY,CREATE_PAYMENT_LINK,AUTO_EXECUTE,RECOVERED,14527.00,ATTRIBUTED_INTERVENTION
950,pay_synth_20260825_950,evt_synth_20260825_950,card,3147.64,"CHECKOUT_ABANDONMENT",0.80,true,true,DISPATCH_PAYMENT_LINK,RECOVERED,CREATE_PAYMENT_LINK,AUTO_EXECUTE,RECOVERED,1501.00,ATTRIBUTED_INTERVENTION
951,pay_synth_20260825_951,evt_synth_20260825_951,netbanking,3813.50,"UPI_APP_TIMEOUT",0.90,true,true,DISPATCH_PAYMENT_LINK,RECOVERED,CREATE_PAYMENT_LINK,AUTO_EXECUTE,RECOVERED,2689.00,ATTRIBUTED_INTERVENTION
952,pay_synth_20260825_952,evt_synth_20260825_952,upi,896.04,"UPI_APP_TIMEOUT",0.60,true,true,NO_ACTION,UNRECOVERED,CREATE_PAYMENT_LINK,AUTO_EXECUTE,LINK_EXPIRED_UNPAID,627.00,NONE
953,pay_synth_20260825_953,evt_synth_20260825_953,upi,1412.39,"UPI_APP_TIMEOUT",0.36,true,true,DISPATCH_PAYMENT_LINK,SPAM_FATIGUE_PENALTY,CREATE_PAYMENT_LINK,AUTO_EXECUTE,RECOVERED,992.00,ATTRIBUTED_INTERVENTION
954,pay_synth_20260825_954,evt_synth_20260825_954,upi,9232.70,"BANK_TIMEOUT",0.83,true,true,DISPATCH_PAYMENT_LINK,RECOVERED,CREATE_PAYMENT_LINK,AUTO_EXECUTE,RECOVERED,7151.00,ATTRIBUTED_INTERVENTION
955,pay_synth_20260825_955,evt_synth_20260825_955,upi,703.17,"BAD_REQUEST",0.64,true,true,NO_ACTION,UNRECOVERED,CREATE_PAYMENT_LINK,AUTO_EXECUTE,LINK_EXPIRED_UNPAID,395.00,NONE
956,pay_synth_20260825_956,evt_synth_20260825_956,card,1087.80,"GATEWAY_ERROR",0.85,true,true,DISPATCH_PAYMENT_LINK,RECOVERED,CREATE_PAYMENT_LINK,AUTO_EXECUTE,RECOVERED,800.00,ATTRIBUTED_INTERVENTION
957,pay_synth_20260825_957,evt_synth_20260825_957,upi,2951.85,"BAD_REQUEST",0.66,true,true,NO_ACTION,UNRECOVERED,CREATE_PAYMENT_LINK,AUTO_EXECUTE,LINK_EXPIRED_UNPAID,1676.00,NONE
958,pay_synth_20260825_958,evt_synth_20260825_958,netbanking,2507.94,"GATEWAY_ERROR",0.65,true,true,DISPATCH_PAYMENT_LINK,RECOVERED,CREATE_PAYMENT_LINK,AUTO_EXECUTE,RECOVERED,1852.00,ATTRIBUTED_INTERVENTION
959,pay_synth_20260825_959,evt_synth_20260825_959,netbanking,19649.49,"AUTHENTICATION_ERROR",0.55,true,true,DISPATCH_PAYMENT_LINK,RECOVERED,CREATE_PAYMENT_LINK,AUTO_EXECUTE,RECOVERED,15674.00,ATTRIBUTED_INTERVENTION
960,pay_synth_20260825_960,evt_synth_20260825_960,upi,1522.87,"UPI_APP_TIMEOUT",0.81,true,true,DISPATCH_PAYMENT_LINK,RECOVERED,CREATE_PAYMENT_LINK,AUTO_EXECUTE,RECOVERED,1070.00,ATTRIBUTED_INTERVENTION
961,pay_synth_20260825_961,evt_synth_20260825_961,card,24655.36,"GATEWAY_ERROR",0.64,true,true,DISPATCH_PAYMENT_LINK,RECOVERED,CREATE_PAYMENT_LINK,AUTO_EXECUTE,RECOVERED,18263.00,ATTRIBUTED_INTERVENTION
962,pay_synth_20260825_962,evt_synth_20260825_962,card,2894.23,"UPI_APP_TIMEOUT",0.67,true,true,DISPATCH_PAYMENT_LINK,RECOVERED,CREATE_PAYMENT_LINK,AUTO_EXECUTE,RECOVERED,2039.00,ATTRIBUTED_INTERVENTION
963,pay_synth_20260825_963,evt_synth_20260825_963,card,51783.55,"UPI_APP_TIMEOUT",0.81,true,true,DISPATCH_PAYMENT_LINK,RECOVERED,ESCALATE_TO_OPS,ESCALATE_HUMAN,PENDING_HUMAN_OPS,36594.00,NONE
964,pay_synth_20260825_964,evt_synth_20260825_964,card,75722.53,"AUTHENTICATION_ERROR",0.66,true,true,DISPATCH_PAYMENT_LINK,UNRECOVERED,ESCALATE_TO_OPS,ESCALATE_HUMAN,HUMAN_APPROVED_UNPAID,60420.00,NONE
965,pay_synth_20260825_965,evt_synth_20260825_965,upi,48078.79,"GATEWAY_ERROR",0.42,true,true,DISPATCH_PAYMENT_LINK,UNRECOVERED,ESCALATE_TO_OPS,ESCALATE_HUMAN,PENDING_HUMAN_OPS,35620.00,NONE
966,pay_synth_20260825_966,evt_synth_20260825_966,netbanking,14810.22,"CHECKOUT_ABANDONMENT",0.58,false,true,DISPATCH_PAYMENT_LINK,SPAM_FATIGUE_PENALTY,CREATE_PAYMENT_LINK,AUTO_EXECUTE,RECOVERED,7085.00,ATTRIBUTED_INTERVENTION
967,pay_synth_20260825_967,evt_synth_20260825_967,card,8318.85,"BAD_REQUEST",0.73,true,true,NO_ACTION,UNRECOVERED,CREATE_PAYMENT_LINK,AUTO_EXECUTE,RECOVERED,4735.00,ATTRIBUTED_INTERVENTION
968,pay_synth_20260825_968,evt_synth_20260825_968,card,2051.91,"UPI_APP_TIMEOUT",0.35,true,true,DISPATCH_PAYMENT_LINK,SPAM_FATIGUE_PENALTY,CREATE_PAYMENT_LINK,AUTO_EXECUTE,RECOVERED,1444.00,ATTRIBUTED_INTERVENTION
969,pay_synth_20260825_969,evt_synth_20260825_969,card,848.77,"CHECKOUT_ABANDONMENT",0.84,true,true,NO_ACTION,UNRECOVERED,CREATE_PAYMENT_LINK,AUTO_EXECUTE,LINK_EXPIRED_UNPAID,400.00,NONE
970,pay_synth_20260825_970,evt_synth_20260825_970,netbanking,2266.97,"AUTHENTICATION_ERROR",0.65,true,true,DISPATCH_PAYMENT_LINK,RECOVERED,CREATE_PAYMENT_LINK,AUTO_EXECUTE,RECOVERED,1803.00,ATTRIBUTED_INTERVENTION
971,pay_synth_20260825_971,evt_synth_20260825_971,card,3339.44,"GATEWAY_ERROR",0.63,true,true,DISPATCH_PAYMENT_LINK,UNRECOVERED,CREATE_PAYMENT_LINK,AUTO_EXECUTE,LINK_EXPIRED_UNPAID,2468.00,NONE
972,pay_synth_20260825_972,evt_synth_20260825_972,upi,13834.89,"UPI_APP_TIMEOUT",0.57,true,true,DISPATCH_PAYMENT_LINK,RECOVERED,CREATE_PAYMENT_LINK,AUTO_EXECUTE,RECOVERED,9772.00,ATTRIBUTED_INTERVENTION
973,pay_synth_20260825_973,evt_synth_20260825_973,netbanking,556.34,"BANK_TIMEOUT",0.46,true,true,NO_ACTION,UNRECOVERED,CREATE_PAYMENT_LINK,AUTO_EXECUTE,RECOVERED,425.00,ATTRIBUTED_INTERVENTION
974,pay_synth_20260825_974,evt_synth_20260825_974,upi,12741.46,"BAD_REQUEST",0.80,true,true,NO_ACTION,UNRECOVERED,CREATE_PAYMENT_LINK,AUTO_EXECUTE,LINK_EXPIRED_UNPAID,7256.00,NONE
975,pay_synth_20260825_975,evt_synth_20260825_975,netbanking,314.79,"AUTHENTICATION_ERROR",0.82,false,true,NO_ACTION,UNRECOVERED,CREATE_PAYMENT_LINK,AUTO_EXECUTE,LINK_EXPIRED_UNPAID,245.00,NONE
976,pay_synth_20260825_976,evt_synth_20260825_976,upi,16834.03,"UPI_APP_TIMEOUT",0.63,true,true,DISPATCH_PAYMENT_LINK,RECOVERED,CREATE_PAYMENT_LINK,AUTO_EXECUTE,RECOVERED,11892.00,ATTRIBUTED_INTERVENTION
977,pay_synth_20260825_977,evt_synth_20260825_977,netbanking,75750.63,"GATEWAY_ERROR",0.93,true,true,DISPATCH_PAYMENT_LINK,RECOVERED,ESCALATE_TO_OPS,ESCALATE_HUMAN,PENDING_HUMAN_OPS,56125.00,NONE
978,pay_synth_20260825_978,evt_synth_20260825_978,upi,1232.00,"BANK_TIMEOUT",0.43,true,true,DISPATCH_PAYMENT_LINK,RECOVERED,CREATE_PAYMENT_LINK,AUTO_EXECUTE,RECOVERED,949.00,ATTRIBUTED_INTERVENTION
979,pay_synth_20260825_979,evt_synth_20260825_979,upi,3253.48,"AUTHENTICATION_ERROR",0.49,true,true,DISPATCH_PAYMENT_LINK,UNRECOVERED,CREATE_PAYMENT_LINK,AUTO_EXECUTE,LINK_EXPIRED_UNPAID,2590.00,NONE
980,pay_synth_20260825_980,evt_synth_20260825_980,upi,10772.67,"BAD_REQUEST",0.85,true,true,NO_ACTION,UNRECOVERED,CREATE_PAYMENT_LINK,AUTO_EXECUTE,LINK_EXPIRED_UNPAID,6134.00,NONE
981,pay_synth_20260825_981,evt_synth_20260825_981,card,2538.46,"BAD_REQUEST",0.48,true,true,NO_ACTION,UNRECOVERED,CREATE_PAYMENT_LINK,AUTO_EXECUTE,LINK_EXPIRED_UNPAID,1441.00,NONE
982,pay_synth_20260825_982,evt_synth_20260825_982,netbanking,17704.99,"BAD_REQUEST",0.38,true,true,NO_ACTION,UNRECOVERED,CREATE_PAYMENT_LINK,AUTO_EXECUTE,LINK_EXPIRED_UNPAID,10086.00,NONE
983,pay_synth_20260825_983,evt_synth_20260825_983,card,6617.83,"UPI_APP_TIMEOUT",0.72,true,true,DISPATCH_PAYMENT_LINK,UNRECOVERED,CREATE_PAYMENT_LINK,AUTO_EXECUTE,LINK_EXPIRED_UNPAID,4671.00,NONE
984,pay_synth_20260825_984,evt_synth_20260825_984,netbanking,3264.92,"GATEWAY_ERROR",0.48,true,true,DISPATCH_PAYMENT_LINK,UNRECOVERED,CREATE_PAYMENT_LINK,AUTO_EXECUTE,LINK_EXPIRED_UNPAID,2413.00,NONE
985,pay_synth_20260825_985,evt_synth_20260825_985,upi,2397.48,"GATEWAY_ERROR",0.49,true,true,DISPATCH_PAYMENT_LINK,UNRECOVERED,CREATE_PAYMENT_LINK,AUTO_EXECUTE,LINK_EXPIRED_UNPAID,1770.00,NONE
986,pay_synth_20260825_986,evt_synth_20260825_986,upi,2146.62,"GATEWAY_ERROR",0.44,true,true,DISPATCH_PAYMENT_LINK,RECOVERED,CREATE_PAYMENT_LINK,AUTO_EXECUTE,RECOVERED,1584.00,ATTRIBUTED_INTERVENTION
987,pay_synth_20260825_987,evt_synth_20260825_987,netbanking,82517.93,"UPI_APP_TIMEOUT",0.83,true,true,DISPATCH_PAYMENT_LINK,RECOVERED,ESCALATE_TO_OPS,ESCALATE_HUMAN,PENDING_HUMAN_OPS,58317.00,NONE
988,pay_synth_20260825_988,evt_synth_20260825_988,upi,708.05,"CHECKOUT_ABANDONMENT",0.61,true,true,NO_ACTION,UNRECOVERED,CREATE_PAYMENT_LINK,AUTO_EXECUTE,LINK_EXPIRED_UNPAID,333.00,NONE
989,pay_synth_20260825_989,evt_synth_20260825_989,upi,1763.21,"UPI_APP_TIMEOUT",0.61,true,true,DISPATCH_PAYMENT_LINK,RECOVERED,CREATE_PAYMENT_LINK,AUTO_EXECUTE,RECOVERED,1240.00,ATTRIBUTED_INTERVENTION
990,pay_synth_20260825_990,evt_synth_20260825_990,card,2565.05,"GATEWAY_ERROR",0.85,true,true,DISPATCH_PAYMENT_LINK,UNRECOVERED,CREATE_PAYMENT_LINK,AUTO_EXECUTE,LINK_EXPIRED_UNPAID,1894.00,NONE
991,pay_synth_20260825_991,evt_synth_20260825_991,card,20485.79,"CHECKOUT_ABANDONMENT",0.89,true,true,DISPATCH_PAYMENT_LINK,RECOVERED,CREATE_PAYMENT_LINK,AUTO_EXECUTE,RECOVERED,9802.00,ATTRIBUTED_INTERVENTION
992,pay_synth_20260825_992,evt_synth_20260825_992,netbanking,1609.06,"GATEWAY_ERROR",0.75,true,true,DISPATCH_PAYMENT_LINK,UNRECOVERED,CREATE_PAYMENT_LINK,AUTO_EXECUTE,LINK_EXPIRED_UNPAID,1186.00,NONE
993,pay_synth_20260825_993,evt_synth_20260825_993,upi,704.50,"CHECKOUT_ABANDONMENT",0.49,true,true,NO_ACTION,UNRECOVERED,CREATE_PAYMENT_LINK,AUTO_EXECUTE,LINK_EXPIRED_UNPAID,331.00,NONE
994,pay_synth_20260825_994,evt_synth_20260825_994,card,1631.94,"CHECKOUT_ABANDONMENT",0.57,true,true,DISPATCH_PAYMENT_LINK,RECOVERED,CREATE_PAYMENT_LINK,AUTO_EXECUTE,RECOVERED,775.00,ATTRIBUTED_INTERVENTION
995,pay_synth_20260825_995,evt_synth_20260825_995,upi,3133.82,"CHECKOUT_ABANDONMENT",0.32,false,true,DISPATCH_PAYMENT_LINK,SPAM_FATIGUE_PENALTY,CREATE_PAYMENT_LINK,AUTO_EXECUTE,RECOVERED,1494.00,ATTRIBUTED_INTERVENTION
996,pay_synth_20260825_996,evt_synth_20260825_996,card,1897.07,"BANK_TIMEOUT",0.55,true,true,DISPATCH_PAYMENT_LINK,RECOVERED,CREATE_PAYMENT_LINK,AUTO_EXECUTE,RECOVERED,1464.00,ATTRIBUTED_INTERVENTION
997,pay_synth_20260825_997,evt_synth_20260825_997,upi,2672.27,"GATEWAY_ERROR",0.85,true,true,DISPATCH_PAYMENT_LINK,RECOVERED,CREATE_PAYMENT_LINK,AUTO_EXECUTE,RECOVERED,1974.00,ATTRIBUTED_INTERVENTION
998,pay_synth_20260825_998,evt_synth_20260825_998,netbanking,30158.42,"BANK_TIMEOUT",0.59,true,true,DISPATCH_PAYMENT_LINK,RECOVERED,ESCALATE_TO_OPS,ESCALATE_HUMAN,HUMAN_APPROVED_RECOVERED,23373.00,ATTRIBUTED_INTERVENTION
999,pay_synth_20260825_999,evt_synth_20260825_999,upi,114.72,"BAD_REQUEST",0.42,true,true,NO_ACTION,UNRECOVERED,CREATE_PAYMENT_LINK,AUTO_EXECUTE,LINK_EXPIRED_UNPAID,59.00,NONE